PMID;LastName;FirstName;CT;Name;CommonAnswer;Remark;1;2;3
18425979;abdulkarim;B;NCT00703859;Bassam Abdulkarim, MD, FRCPC;YES;A;yes;yes;yes
11754709;gawin;Frank;NCT00000321;Frank Gawin, M.D.;YES;A;yes;yes;yes
21734560;deutsch;Steven;NCT00000333;Steven Deutsch, M.D.;YES; ;yes;no;yes
16357350;maisiak;Richard S;NCT00000407;Richard S. Maisiak, PhD, MSPH;yes;;yes;yes;yes
23047930;gorden;Phillip;NCT00001276;Phillip Gorden, M.D.;YES;A;yes;yes;yes
18191187;hochster;Howard;NCT00003204;Howard Hochster;YES;A;yes;yes;yes
17507634;fabian;Carol;NCT00005879;Carol Fabian, MD;YES;A;yes;yes;yes
26834067;dematteo;Ronald;NCT00025246;Ronald DeMatteo;YES; ;yes;no;yes
24642382;klein;Julius;NCT00032656;Jonathan D. Klein, MD, MPH;no;DN;no;no;no
11480571;dispenzieri;A;NCT00047203;Angela Dispenzieri;YES;A;yes;yes;yes
20150372;fine;Howard A;NCT00047879;Howard A Fine, M.D.;YES;A;yes;yes;yes
19109586;orban;Tihamer;NCT00057499;Tihamer Orban, MD;yes;;yes;yes;yes
12143843;griffin;T;NCT00058461;Timothy Griffin;NO;;no;no;no
22688329;palmer;Jerry P;NCT00058981;Jerry P Palmer, MD;yes;;yes;yes;yes
16018755;grossi;Sara G;NCT00066053;Sara G Grossi, DDS, MS;YES;A;yes;yes;yes
25223501;goldbach-mansky;Raphaela T;NCT00069329;Raphaela T Goldbach-Mansky, M.D.;YES;A;yes;yes;yes
22162591;saltz;Leonard;NCT00077298;Leonard Saltz;yes;;yes;yes;yes
1851986;abrams;D;NCT00079534;Donald Abrams, MD;YES; ;yes;no;yes
23636291;reid;Tony;NCT00081627;Tony Reid, MD, PhD;yes;;yes;yes;yes
27953647;holen;K;NCT00085371;Kyle Holen;YES;A;yes;yes;yes
23005614;hahn;S R;NCT00087191;Stephen Michael Hahn;NO;;no;no;no
18645517;penzak;Scott R;NCT00103012;Scott R Penzak, Pharm.D.;yes;;yes;yes;yes
22136405;shulan;Mollie;NCT00105638;Mollie Shulan, MD;yes;;yes;yes;yes
25124687;nakayama;Eiichi;NCT00106158;Eiichi Nakayama, MD., PhD;yes; ;yes;no;yes
16457713;butler;Stephen F;NCT00109460;Stephen F Butler, Ph.D.;YES;A;yes;yes;yes
25161267;blum;Kristie A;NCT00109824;Kristie Blum;YES;A;yes;yes;yes
17712402;salmon;Dominique;NCT00121758;Dominique Salmon, MD;yes;;yes;yes;yes
21555753;braun;Ursula K;NCT00122135;Ursula K. Braun, MD MPH;YES;A;yes;yes;yes
21801082;piketty;Christophe;NCT00122577;Christophe Piketty, MD;yes;;yes;yes;yes
26298795;perlis;Michael;NCT00124384;Michael Perlis, PhD;yes;;yes;yes;yes
20231078;kane;Madeleine;NCT00126607;Madeleine Kane;YES;A;yes;yes;yes
20013604;procianoy;Renato S;NCT00128141;Renato S Procianoy, MD;yes; ;yes;no;yes
12264546;gonzalez;G;NCT00129298;Gerardo Gonzalez, M.D.;NO;;no;no;no
22808097;mena;Raul;NCT00131313;Raul Mena, MD;yes;;yes;yes;yes
23070260;hammer;G;NCT00135668;Gregory Hammer, MD;NO;;no;no;no
24148305;kwan;Patrick;NCT00137709;Patrick Kwan, FHKAM;yes;;yes;yes;yes
24074473;hagman;Jennifer O;NCT00140426;Jennifer O Hagman, MD;YES;A;yes;yes;yes
27492865;ludwig;D S;NCT00141076;David S Ludwig, MD, PhD;yes; ;yes;yes;yes
18423261;gottlieb;Alice;NCT00150982;Alice Gottlieb, MD, PhD;YES;A;yes;yes;yes
11250652;alvarez;C;NCT00152347;Christine Alvarez, PhD;NO;G;yes;yes;yes
17196235;pu;Yeong-Shiau;NCT00155025;Yeong-Shiau Pu, MD, PhD;yes; ;yes;yes;yes
25238345;saba;S M;NCT00156429;Samir Saba;no;;no;no;no
18703545;halterman;J S;NCT00156507;Jill S Halterman, MD, MPH;YES;A;yes;yes;yes
25827507;iosifescu;Dan;NCT00157547;Dan Iosifescu, MD;YES;https://www.nki.rfmh.org/faculty/dan-iosifescu-md-msc;yes;yes;yes
27896515;sehouli;Jalid;NCT00158379;Jalid Sehouli;yes;A;yes;yes;yes
25092520;kulke;Matthew;NCT00165191;Matthew Kulke, MD;yes;;yes;yes;yes
21732930;munshi;Nikhil;NCT00165347;Nikhil Munshi, MD;yes;;yes;yes;yes
18946342;leventhal;Joseph;NCT00166712;Joseph Leventhal;yes;;yes;yes;yes
15941458;wang;Tyng-Guey;NCT00166751;Tyng-Guey Wang, MD;YES;A;yes;yes;yes
22873524;bantle;John;NCT00167115;John Bantle, MD;NO;;no;no;no
21106133;tang;P;NCT00173719;Pei-Fang Tang, PhD;no;;no;no;no
11754709;bullock;Milton;NCT00174980;M. R Bullock, M.D.;NO;;no;no;no
17955307;salomon;Ronald M;NCT00178880;Ronald M Salomon, MD;yes;;yes;yes;yes
19891806;shelton;R C;NCT00179244;Richard C. Shelton;yes;;yes;yes;yes
16086943;stone;Gregg W;NCT00180479;Gregg W Stone, MD;yes; ;yes;no;yes
23589894;longo;Dan L;NCT00183066;Dan L. Longo, MD;yes;;yes;yes;yes
20598710;debattista;Charles;NCT00186264;Charles DeBattista;YES;A;yes;yes;yes
23620687;foster;Gary D;NCT00194194;Gary Foster, Ph.D.;YES;A;yes;yes;yes
24073076;schmitz;Kathryn;NCT00194363;Kathryn Schmitz;yes;;yes;yes;yes
11484409;esnault;V L;NCT00200694;Vincent LM Esnault, MD PHD;YES;A;yes;yes;yes
23718988;napadow;Vitaly;NCT00200889;Vitaly Napadow, Ph.D., Lic.Ac.;yes;;yes;yes;yes
12820811;binkley;Neil C;NCT00205036;Neil C Binkley, MD;YES;A;yes;yes;yes
17681395;petty;Frederick;NCT00208130;Frederick Petty, MD, PhD;yes;;yes;yes;yes
15808819;mullin;James M;NCT00216788;James M Mullin, Ph.D.;yes;G;yes;yes;yes
24268621;dylewski;Maggie L;NCT00220519;Maggie L Dylewski, MS,RD;YES;A;yes;yes;yes
26927677;klotz;L;NCT00228124;Laurence Klotz, MD, FRCSC;yes;;yes;yes;yes
27105958;zohar;Joseph;NCT00229320;Joseph Zohar, MD;YES;A;yes;yes;yes
18160558;keidar;Zohar;NCT00230139;Zohar Keidar, MD,PhD;YES;A;yes;yes;yes
20206808;blevins;Steve M;NCT00237640;Steve M Blevins, M.D.;YES;A;yes;yes;yes
24817170;leve;Leslie D;NCT00239837;Leslie D. Leve;yes;;yes;yes;yes
20724455;davidson;Karina;NCT00241774;Karina Davidson;YES;A;yes;yes;yes
15496244;ray;Wayne;NCT00241800;Wayne Ray;yes;;yes;yes;yes
24183137;powers;Scott W;NCT00241969;Scott W. Powers, PhD;yes;;yes;yes;yes
22282893;elkind;Mitchell S;NCT00243880;Mitchell S Elkind;YES; ;yes;no;yes
24718959;sieper;Joachim;NCT00244153;Joachim Sieper, Prof.;yes; ;yes;no;yes
22194318;davies;Richard F;NCT00248352;Richard F. Davies, M.D.;YES;A;yes;yes;yes
25484926;lanctot;Krista L;NCT00254033;Krista L Lanctot, PhD;yes;A;yes;yes;yes
23005614;gibson;K;NCT00258570;Kevin F. Gibson;NO;;no;no;no
26762839;badalamente;Marie A;NCT00261196;Marie A Badalamente, PhD;YES;A;yes;yes;yes
17670450;brister;Stephanie;NCT00264706;Stephanie Brister, M.D.;YES;A;yes;yes;yes
26659452;cales;Paul;NCT00265642;Paul Cales, MD;YES;A;yes;yes;yes
27629576;lauritzen;Lotte;NCT00266305;Lotte Lauritzen, Ph.D;yes;R;yes;yes;yes
27038895;mombaerts;Ilse;NCT00266838;Ilse Mombaerts, MD, PhD;yes; ;yes;no;yes
27948541;rabinowitz;I;NCT00277069;Ian Rabinowitz, MD;yes; ;yes;yes;no
20952458;grant;Seth G N;NCT00278330;Steven Grant;NO;DN;no;no;no
25973908;fujii;Masashi;NCT00287768;Masashi Fujii, MD PhD;NO;;no;no;no
16813921;fink;Aaron S;NCT00288899;Aaron S Fink, MD;YES;A;yes;yes;yes
12513112;bokemeyer;Carsten;NCT00289445;Carsten Bokemeyer, MD;YES;A;yes;yes;yes
23190515;yasuda;Gen;NCT00295555;Gen Yasuda, MD;NO;;no;no;no
25273784;compton;S;NCT00297531;Sharon Compton, PhD;NO;https://www.ualberta.ca/medicine/about/people/sharon-compton;no;no;yes
20492853;lindenmayer;Jean-Pierre;NCT00297947;Jean-Pierre Lindenmayer;yes;;yes;yes;yes
25221778;ball;Karen L;NCT00298558;Karlene Ball, PhD;NO;DN;no;no;no
21051598;brown;Stephen J;NCT00299338;Stephen J Brown, MD;YES;A;yes;yes;yes
17164314;antoniucci;Diana M;NCT00305279;Diana M Antoniucci, MD;YES;A;yes;yes;yes
23902277;antoniucci;D M;NCT00305279;Diana M Antoniucci, MD;YES; ;yes;no;yes
24162898;semigran;Marc J;NCT00309816;Marc J Semigran, MD;yes;;yes;yes;yes
16491721;lichtenstein;Steven J;NCT00312338;Steven J. Lichtenstein, M.D.;YES;A;yes;yes;yes
15548719;aplenc;Richard;NCT00316953;Richard Aplenc;YES;https://www.chop.edu/doctors/aplenc-richard;yes;yes;yes
25190350;zhang;Guoliang;NCT00317317;Grant Zhang, Ph.D.;NO;;no;no;no
27325269;smith;Harriet;NCT00322790;Harriet Smith, MD;no;;no;no;no
26881821;ibrahim;Said A;NCT00324857;Said A. Ibrahim, MD MPH;YES;A;yes;yes;yes
25815923;wang;D;NCT00325793;David Wang, DO;NO;;no;no;no
26762680;saad;F;NCT00327340;Fred Saad, MD, FRCS;no;;no;no;no
6807190;lane;H;NCT00328276;Hsien-yuan Lane, MD,PhD;no;;no;no;no
27589856;kindberg;Sara;NCT00328796;Sara Kindberg, PhD Student;yes;A;yes;yes;yes
11828801;matsuzaki;Masunori;NCT00329160;Masunori Matsuzaki, MD;yes;;yes;yes;yes
23535954;harzstark;A;NCT00331344;Andrea Harzstark;YES;A;yes;yes;yes
24359865;romero;Roberto;NCT00342667;Roberto Romero, M.D.;yes;A;yes;yes;yes
22122357;lim;Laurence S;NCT00347451;Laurence S Lim, MBBS;yes;A;yes;yes;yes
25422220;gulluoglu;Bahadir M;NCT00356148;Bahadir M. Gulluoglu, M.D.;YES;A;yes;yes;yes
26868243;ross;Douglas;NCT00357305;Douglas Ross;no;;no;no;no
27307782;burns;Jonathan K;NCT00360503;Jane L Burns, MD;NO;DN;no;no;no
11500343;beck;J;NCT00368485;Jennifer Beck;YES;CT;yes;yes;yes
20138376;ricauda;Nicoletta Aimonino;NCT00369083;Nicoletta Aimonino Ricauda, MD;yes;;yes;yes;yes
27100747;roberts;Ian;NCT00375258;Ian Roberts, MD;yes;A;yes;yes;yes
21681012;jievaltas;Mindaugas;NCT00375687;Mindaugas Jievaltas, MD, PhD;YES;A;yes;yes;yes
24026235;durbin;Anna;NCT00375726;Anna Durbin, MD;NO ;https://www.jhsph.edu/faculty/directory/profile/798/anna-p-durbin;no;no;no
27659192;lee;D H;NCT00378053;Donald H Lee, M.D.;no;;no;no;no
26912808;rao;Satish;NCT00378612;Sunil Rao;no;DN;no;no;no
15605215;mohren;M;NCT00385125;Martin Mohren, PD;yes;A;yes;yes;yes
17890744;hoffstein;Victor;NCT00385359;Victor Hoffstein, MD;YES;A;yes;yes;yes
21175845;galloe;Anders;NCT00388934;Anders Galloe, MD;YES;A;yes;yes;yes
26849012;oza;A;NCT00390234;Amit Oza;no;;no;no;no
20163387;mason;Barbara J;NCT00391716;Barbara J. Mason;yes;A;yes;yes;yes
18802654;flynn;Michael K;NCT00392210;Michael K. Flynn, MD;YES;A;yes;yes;yes
23411431;gadegbeku;Crystal A;NCT00396123;Crystal A. Gadegbeku;YES;A;yes;yes;yes
24799467;levy;Ronald;NCT00398177;Ronald Levy, MD;yes;A;yes;yes;yes
26881392;emens;Leisha A;NCT00399529;Leisha A Emens, M.D.,Ph.D.;YES;A;yes;yes;yes
19563465;robroeks;Charlotte M;NCT00404976;Charlotte M Robroeks, MD;yes;;yes;yes;yes
18455359;aoyama;H;NCT00406835;Hidefumi Aoyama, MD, PhD;NO;R;yes;yes;yes
26332981;cordasco;Kristina M;NCT00408733;Kristina M Cordasco, MD, MPH;YES;A;yes;yes;yes
22087611;hansen;Christine;NCT00411736;Christine Hansen;NO;;no;no;no
21604027;seiler;C A;NCT00412672;Christian Seiler, Prof.;yes;;yes;yes;yes
27943881;kantarjian;H;NCT00414310;Hagop Kantarjian, MD;YES;A;yes;yes;yes
20663980;hughes-halbert;Chanita;NCT00419510;Chanita Hughes-Halbert, Ph.D.;YES;A;yes;yes;yes
7782294;neff;L;NCT00422630;Lisa Neff, MD;no;;no;no;no
27094990;wagner;John;NCT00429416;John Wagner, MD;YES; ;yes;no;yes
27656268;otto;M;NCT00430482;Michael Otto;yes;;yes;yes;yes
24035041;gilbert;Philip;NCT00432328;Philip Gilbert, FDSRCS FRCS;YES;A;yes;yes;yes
24581904;keightley;Michelle;NCT00434603;Michelle Keightley;YES;A;yes;yes;yes
15551199;amann;B;NCT00434616;Berthold Amann, MD;NO; ;yes;no;yes
16710414;griffiths;C;NCT00437320;CEM Griffiths, Professor;NO;;no;no;no
25441735;mellemgaard;Anders;NCT00442754;anders mellemgaard, MD PhD;yes;;yes;yes;yes
15723578;goodlin;Sarah J;NCT00444301;Sarah J Goodlin, MD;YES;A;yes;yes;yes
24793784;bayoumi;Imaan;NCT00446615;Imaan Bayoumi;YES;A;yes;yes;yes
18777221;hatfield;L A;NCT00446875;Linda A Hatfield, PhD;NO;;no;no;no
21883907;bhorade;S;NCT00449332;Sangeeta M Bhorade, MD;YES;A;yes;yes;yes
12199343;phillip;Moshe;NCT00458263;Moshe Phillip, Prof, MD;yes;;yes;yes;yes
10573219;germonpre;P R;NCT00463515;Paul R Germonpre;YES;R;yes;yes;yes
24075564;ghanayem;Nancy;NCT00464100;Nancy Ghanayem;YES;A;yes;yes;yes
21477244;baker;Timothy;NCT00468741;Timothy Baker, PhD;YES;A;yes;yes;yes
4985622;rude;L;NCT00469157;Loren Rude, OD;no;;no;no;no
22075481;ernst;Armin;NCT00473291;Armin Ernst, M.D.;YES;L;yes;yes;yes
23162923;divasta;Amy;NCT00474851;Amy DiVasta;YES;A;yes;yes;yes
24035166;schaff;Hartzell;NCT00475267;Hartzell Schaff, MD;yes;;yes;yes;yes
26680553;phelps;Heather M;NCT00478296;Heather M Phelps, DO;yes;A;yes;yes;yes
27956634;ghobrial;Irene;NCT00483262;Irene Ghobrial, MD;YES;A;yes;yes;yes
26246321;camilleri;Michael;NCT00483886;Michael Camilleri, M.D.;YES;A;yes;yes;yes
18552728;jones;Hendree E;NCT00496990;Hendree E. Jones;YES;A;yes;yes;yes
14508740;minah;Glenn E;NCT00497029;Glenn E Minah, DDS, PhD;yes;;yes;yes;yes
18552728;jones;Hendree E;NCT00497302;Hendree E. Jones;YES;A;yes;yes;yes
10709409;tan;H C;NCT00497328;Huay C Tan, FAMS FSCAI;yes;a;yes;yes;yes
20170030;grosgurin;O;NCT00497419;Olivier Grosgurin, MD;YES;A;yes;yes;yes
16377838;cavaliere;Robert;NCT00499473;Robert Cavaliere;YES;A;yes;yes;yes
18544286;cohen;Lorenzo;NCT00505310;Lorenzo Cohen, PhD;YES;A;yes;yes;yes
19802179;koh;Y W;NCT00506103;Yoon Woo Koh, MD;no;;no;no;no
4382063;alousi;A;NCT00506233;Amin Alousi, MD;NO;;no;no;no
18725687;satonaka;H;NCT00509470;Hiroshi Satonaka;no;;no;no;no
27489863;kurzrock;Razelle;NCT00509782;Razelle Kurzrock, MD;yes;https://providers.ucsd.edu/details/22465/razelle-kurzrock-cancer-la_jolla;yes;yes;yes
19110220;jhingran;Anuja;NCT00512551;Anuja Jhingran, MD;YES;A;yes;yes;yes
17143850;kabon;B;NCT00517127;Barbara Kabon;YES;A;yes;yes;yes
27136654;kragh;John F;NCT00517166;John F Kragh, MD;yes;A;yes;yes;yes
27487277;marcondes-machado;Jussara;NCT00517231;Jussara Marcondes-Machado, PHD;yes; ;yes;yes;no
17979582;ghuman;Jaswinder K;NCT00517504;Jaswinder K Ghuman, M.D.;YES;A;yes;yes;yes
26418181;freeman;David J;NCT00524199;David J Freeman, MSc, PhD;NO;;no;no;no
12432318;gottschlich;Michele;NCT00537160;Michele Gottschlich;YES;A;yes;yes;yes
18695978;schwab;Matthias;NCT00537732;Matthias Schwab;yes;;yes;yes;yes
20152347;bruch;Steven W;NCT00540189;Steven W. Bruch;YES;A;yes;yes;yes
24260184;bast;Aalt;NCT00545415;Aalt Bast, Prof. Dr.;YES;A;yes;yes;yes
26013028;friedberg;Jonathan;NCT00547534;Jonathan Friedberg;YES;A;yes;yes;yes
22326368;cutler;C S;NCT00548717;Corey S. Cutler, MD, MPH;NO;;no;no;no
22986420;bandholm;T;NCT00552721;Thomas Bandholm, MSc;YES;A;yes;yes;yes
18577269;andrade;D;NCT00559169;Danielle Andrade, MD;NO;;no;no;no
25827507;iosifescu;Dan;NCT00562367;Dan V Iosifescu, MD;YES;https://www.nki.rfmh.org/faculty/dan-iosifescu-md-msc;yes;yes;yes
23410909;lee;Won Woo;NCT00563017;Wing King Lee, Dr;no;DN;no;no;no
16115916;jiang;Yixing;NCT00565487;Yixing Jiang;YES;R;yes;yes;yes
16488682;gillinov;A Marc;NCT00566787;A. Marc Gillinov, MD;YES;A;yes;yes;yes
25208879;brown;Powel H;NCT00566852;Paul D. Brown, MD;NO;;no;no;no
22782463;yamada;Yasuhide;NCT00569335;Yasuhide Yamada;YES;R;yes;yes;yes
20105041;rave;Klaus;NCT00570687;Klaus Rave, MD;yes;;yes;yes;yes
23590726;fowler;Nathan;NCT00577993;Nathan Fowler, MD;YES;A;yes;yes;yes
23373913;dash;A;NCT00581516;Atreya Dash, MD;NO;;no;no;no
22861144;shihab;Fuad;NCT00585468;Fuad Shihab, MD;yes;;yes;yes;yes
22707072;ring;David C;NCT00586365;David C. Ring, MD;yes;;yes;yes;yes
24576544;bentley-lewis;Rhonda;NCT00590512;Rhonda Bentley-Lewis, MD;YES;https://www.massgeneral.org/doctors/doctor.aspx?id=18461;yes;yes;yes
25815923;wood;J;NCT00593515;Jeffrey Wood, Ph.D.;NO;;no;no;no
18486298;harch;Paul G;NCT00596180;Paul G. Harch, M.D.;YES;A;yes;yes;yes
21798739;chapman;Paul;NCT00597272;Paul Chapman, MD;NO;;no;no;no
18827606;chiappori;Alberto;NCT00601796;Alberto Chiappori, MD;YES;A;yes;yes;yes
21671458;kaye;Walter;NCT00603018;Walter Kaye;YES;A;yes;yes;yes
12488304;beguin;Y;NCT00603954;Yves Beguin;YES;A;yes;yes;yes
24749763;saini;S D;NCT00604786;Sarbjit S Saini, M.D.;no;;no;no;no
25277496;norman;Sonya;NCT00607412;Sonya Norman;yes; ;yes;yes;yes
21045814;herfarth;Hans;NCT00609973;Hans Herfarth, MD;YES;A;yes;yes;yes
16529141;carter;Robert H;NCT00611611;Robert H Carter, MD;YES;A;yes;yes;yes
24762665;ramsay;M;NCT00614263;Michael Ramsay, MD;no;;no;no;no
22836789;enix;Dennis;NCT00620906;Dennis Enix, DC, MBA;YES;R;yes;yes;yes
16060137;risler;Teut;NCT00621114;Teut Risler, Prof. Dr.;yes;;yes;yes;yes
17066051;erley;Christiane M;NCT00621712;Christiane M Erley, Prof. Dr.;YES;A;yes;yes;yes
20210262;brehm;Bonnie J;NCT00622960;Bonnie J Brehm, PhD;YES;A;yes;yes;yes
26573866;pergolizzi;J V;NCT00623675;Joseph V Pergolizzi, MD;yes;;yes;yes;yes
20227548;miller;Elizabeth;NCT00625118;Elizabeth Miller, MB BS FFPHM FRCPath;no;;no;no;no
27949797;yennurajalingam;S;NCT00625638;Sriram Yennurajalingam, MD;NO;;no;no;no
23144328;korner;Judith;NCT00627315;Judith Korner;yes;R;yes;yes;yes
20432975;inui;Naoki;NCT00627731;Naoki Inui;YES;A;yes;yes;yes
10656640;hughes;S P;NCT00632034;Sean P.F. Hughes, MS;YES;A;yes;yes;yes
24107659;neumiller;Joshua J;NCT00634998;Joshua J Neumiller, PharmD;yes;;yes;yes;yes
26429995;furlan;Antony J;NCT00638248;Antony J. Furlan, MD;YES;A;yes;yes;yes
17379443;feiglin;David;NCT00638664;David Feiglin;YES;A;yes;yes;yes
27885832;mott;Antonio R;NCT00640354;Antonio R Mott, MD;yes; ;yes;yes;yes
22834968;bissonnette;Robert;NCT00640393;Robert Bissonnette, MD;YES;A;yes;yes;yes
17947719;sampson;John;NCT00643097;John Sampson;yes;;yes;yes;yes
23545991;young;K H;NCT00654992;Ki Young , Na, MD PhD;NO;;no;no;no
25734989;joseph;John;NCT00656474;John Joseph, MD;NO;;no;no;no
11533346;aly;H Z;NCT00661791;Hany Z Aly, MD;YES;A;yes;yes;yes
15282363;amory;John K;NCT00663793;John K Amory;YES; ;yes;no;yes
23837808;mandrell;Belinda;NCT00666614;Belinda Mandrell, PhD, RN, PNP;yes;;yes;yes;yes
25629549;sanchez-fueyo;Alberto;NCT00668369;Alberto Sanchez-Fueyo;yes;;yes;yes;yes
18467721;gerst;Scott;NCT00671411;Scott Gerst, MD;YES;A;yes;yes;yes
23810885;bremner;J Douglas;NCT00672776;J. Douglas Bremner, M.D.;YES;A;yes;yes;yes
16255323;bacchi;Donna;NCT00683228;Donna Bacchi;YES; ;yes;yes;no
18757684;peleg;David;NCT00697606;David Peleg, MD;yes;R;yes;yes;yes
12958052;peker;Yuksel;NCT00701428;Yuksel Peker;yes;;yes;yes;yes
26369984;rubnitz;J;NCT00703820;Jeffrey Rubnitz, MD;yes;A;yes;yes;yes
23677131;gus;M;NCT00704548;Miguel Gus, MD;YES;A;yes;yes;yes
27752939;yee;Hal F;NCT00705731;Hal F Yee, MD, PhD;NO;;no;no;no
26895735;martin;Robert C;NCT00708513;Robert C. Martin;yes; ;yes;yes;no
27765139;huang;Z;NCT00712998;Zei-Shung Huang, MD, PhD;NO;DN;no;no;no
20864286;wu;Feng;NCT00713297;Fe-Lin L. Wu, MSCP,Ph D;NO;;no;no;no
26462793;falcone;Alfredo;NCT00719797;Alfredo Falcone, MD;YES;C;yes;yes;yes
20815195;penev;Plamen D;NCT00721084;Plamen D Penev, MD, PhD;yes;;yes;yes;yes
25721698;hill;Michael;NCT00728182;Michael Hill, M.D.;NO;;no;no;no
21104233;rejnmark;L;NCT00730210;Lars Rejnmark, MD,DrMed;Yes;A;yes;yes;yes
24283303;geschwind;J F;NCT00730483;Jeffrey F. Geschwind, MD;YES; ;yes;no;yes
17369268;zabel;Markus;NCT00730548;Markus Zabel, MD;YES;A;yes;yes;yes
17032596;simonsen;Ole H;NCT00736138;Ole H Simonsen, MD;yes;;yes;yes;yes
22986277;church;Dawson;NCT00737399;Dawson Church;YES; ;yes;no;yes
23272227;khan;Wasif A;NCT00741052;Wasif A Khan, MBBS, MS;YES;A;yes;yes;yes
21814099;macleod;J B;NCT00744003;Jana BA MacLeod, MD;yes;;yes;yes;yes
24556725;gomez-almaguer;David;NCT00749112;David Gomez-Almaguer, MD;YES;A;yes;yes;yes
20479444;parish;Lawrence;NCT00750139;Lawrence Parish, MD;yes;;yes;yes;yes
23817598;nwosu;Benjamin U;NCT00756899;Benjamin U. Nwosu;yes;;yes;yes;yes
12045548;lowery;Julie C;NCT00761839;Julie C Lowery, PhD MHSA;yes;;yes;yes;yes
27397382;loo;C;NCT00763841;Colleen Loo, MBBS, FRANZCP. MD;yes; ;no;yes;yes
27080209;matsuki;Shunji;NCT00767052;Shunji Matsuki, MD PhD;yes;;yes;yes;yes
25755291;rai;Kanti;NCT00771056;Kanti Rai, MD;yes;;yes;yes;yes
12803094;black;Joyce;NCT00771238;Joyce Black, PhD, RN;YES;https://app1.unmc.edu/nursing/conweb/view_profile_new.cfm?lev1=facstf&lev2=fac&lev3=facjblack&PubStat=%28none%29&web=pub;yes;yes;yes
12115380;krongrad;Arnon;NCT00775515;Arnon Krongrad, MD;yes;http://www.laprp.com/selected_publications.php;yes;yes;yes
16874765;dunkel;Ira;NCT00776867;Ira Dunkel, MD;YES;A;yes;yes;yes
21074743;ramadhyani;Usha;NCT00778063;Usha Ramadhyani;yes;;yes;yes;yes
27153354;awada;Ahmad H;NCT00778128;Ahmad H Awada, MD;YES;A;yes;yes;yes
25755291;brown;Jennifer R;NCT00785252;Jeremty Brown, MD;NO;DN;no;no;no
21400326;jerant;Anthony F;NCT00786747;Anthony F. Jerant;YES;A;yes;yes;yes
25095866;leutscher;Peter;NCT00788918;Peter Leutscher, MD, PhD;yes;;yes;yes;yes
26834821;lichtenberg;Pesach;NCT00788970;Pesach Lichtenberg, M.D.;yes;A;yes;yes;yes
16769259;remmel;Rory P;NCT00789113;Rory P Remmel, PhD;yes;;yes;yes;yes
25132399;korsgren;Olle;NCT00789308;Olle Korsgren, MD;yes; ;yes;no;yes
22243067;chung;P;NCT00789607;Peter Chung, MD;NO;;no;no;no
9252854;abdelmalek;M F;NCT00794716;Manal F Abdelmalek, M.D., MPH;YES;https://medicine.duke.edu/faculty/manal-f-abdelmalek-md;yes;yes;yes
20091020;keymeulen;B;NCT00798785;Bart Keymeulen;YES;A;yes;yes;yes
20661924;atkins;Harold L;NCT00800059;Harold L Atkins, MD;NO; ;yes;yes;yes
17185609;anderson;David;NCT00800228;David Anderson, PhD;NO;;no;no;no
21618414;pranzatelli;Michael R;NCT00806182;Michael R. Pranzatelli, M.D.;yes;;yes;yes;yes
19875009;lepantalo;Mauri;NCT00810134;Mauri Lepantalo, M.D., PhD;yes;;yes;yes;yes
24657918;nosten;Francois;NCT00811096;Francois Nosten, MD;yes;A;yes;yes;yes
20156403;lange;Britt;NCT00812903;Britt Lange;yes;;yes;yes;yes
18558750;pan;Chong-Xian;NCT00814788;Chong-Xian Pan, MD, PhD;yes;;yes;yes;yes
24326555;hordinsky;Maria K;NCT00816517;Maria K Hordinsky, MD;YES;A;yes;yes;yes
25190350;wang;Jian;NCT00817024;Jie Wang, M.D.;YES;;yes;yes;yes
18534951;pryor;Jennifer A;NCT00817947;Jennifer A Pryor, PhD;yes;;yes;yes;yes
15990606;banin;Eyal;NCT00821340;Eyal Banin, MD, PhD;YES;A;yes;yes;yes
16143175;hoffer;Michael E;NCT00822263;Michael E. Hoffer, M.D.;YES;A;yes;yes;yes
26302942;powers;Margaret;NCT00824603;Margaret Powers, PhD;no;;no;no;no
19567487;costi;Stefania;NCT00825032;Stefania Costi, Dr;YES;A;yes;yes;yes
16236990;sigal;Darren;NCT00829647;Darren Sigal, MD;yes;https://pcrt.crab.org/memberinvestigator.aspx?ID=29;yes;yes;yes
19806373;girard;Benoit;NCT00834964;Benoit Girard, M.D.;NO;;no;no;no
23848267;barr;R Graham;NCT00835289;R. Graham Barr;YES;A;yes;yes;yes
21060615;saidi;I S;NCT00837525;Iyad S Saidi, MD PhD;yes;;yes;yes;yes
24749763;lee;T C H;NCT00839488;Tzong-Hsi Lee;no;;no;no;no
24630503;hungness;Eric;NCT00848146;Eric Hungness;YES;A;yes;yes;yes
14666001;peniston;Charles M;NCT00848796;Charles M Peniston, MD,FRCP;yes;;yes;yes;yes
27587472;krauss;Ronald M;NCT00852267;Ronald M Krauss, M.D.;yes; ;yes;no;yes
17024796;dao;T;NCT00852436;Thuan Dao;NO;;no;no;no
12556510;palermo;Tonya;NCT00853138;Tonya Palermo;yes;R;yes;yes;yes
20940728;gerloff;Christian;NCT00853866;Christian Gerloff, MD;YES;A;yes;yes;yes
8665289;kitay;G S;NCT00858416;Gary S Kitay, MD;yes;https://www.doximity.com/pub/garry-kitay-md;yes;yes;yes
26457631;nedeltchev;Krassen;NCT00859885;Krassen Nedeltchev, MD;yes;A;yes;yes;yes
18840211;bingham;Mona O;NCT00860756;Mona O. Bingham, PhD;YES; ;yes;no;yes
26781328;lumley;Mark A;NCT00861302;Mark A. Lumley;yes; ;yes;yes;no
18341973;benamouzig;R;NCT00862329;Robert Benamouzig;YES; ;no;yes;yes
21633317;ohmiya;Naoki;NCT00862628;Naoki Ohmiya, M.D., Ph.D.;yes;;yes;yes;yes
16325626;pizarro;Antonio R;NCT00865410;Antonio R. Pizarro,, M.D.;no;;no;no;no
8176157;rafael;C;NCT00866268;Calvo Rafael, Rn;no;;no;no;no
22773551;hegewisch-becker;Susanna;NCT00868634;Susanna Hegewisch-Becker, MD;YES;A;yes;yes;yes
12195305;hoffer;Fredric A;NCT00868647;Fredric A Hoffer, MD;YES;https://health.usnews.com/doctors/fredric-hoffer-123414;yes;yes;yes
22549450;ge;Junbo;NCT00868829;Junbo Ge;YES;A;yes;yes;yes
25815923;williams;T;NCT00873964;Terre Williams;NO;;no;no;no
19429090;hong;S L;NCT00881738;So Ran Hong, M.D.;NO;DN;no;no;no
16924093;badruddoja;M;NCT00883298;Michael Badruddoja, MD;NO; ;yes;yes;yes
24012559;lee;Alexander;NCT00885521;Annemarie L Lee, PhD;no;DN;no;no;no
27111533;yeh;Yu-Chang;NCT00886275;Yu-Chang Yeh, M.D;NO ;DN;no;no;no
22595751;saligan;L N;NCT00888563;Leorey N Saligan, C.R.N.P.;yes;A;yes;yes;yes
12084144;oncken;Cheryl;NCT00888979;Cheryl Oncken, MD MPH;yes;;yes;yes;yes
22243067;chung;P;NCT00890006;Peter Chung, MD;NO;;no;no;no
21993685;medeiros;Bruno C;NCT00890929;Bruno C. Medeiros;yes;;yes;yes;yes
25897948;knight;Julia A;NCT00891631;John R Knight, MD;no;DN;no;no;no
24329987;sadowski;D C;NCT00893503;Daniel C Sadowski, MD;yes;;yes;yes;yes
17582312;veal;Gareth;NCT00897871;Gareth Veal;YES;A;yes;yes;yes
21724195;daly;Benedict D T;NCT00905086;Barbara Daly, PhD, RN;NO;DN;no;no;no
19806373;girard;Benoit;NCT00905606;Benoit Girard, MD;NO;;no;no;no
8147431;bleich;A;NCT00906347;April Bleich, MD;NO;DN;no;no;no
21604027;renzulli;P;NCT00910182;Pietro Renzulli, MD;yes;;yes;yes;yes
27678585;ascher-walsh;C;NCT00910468;Charles Ascher-Walsh, MD, MPH;YES;A;yes;yes;yes
25639930;mortier;L;NCT00910676;Laurent MORTIER, MD;yes;;yes;yes;yes
11415390;malone;R;NCT00913588;Roderick Malone, M.D.;no;;no;no;no
27163242;sanchez;Alejandro;NCT00916422;Alejandro Sanchez;no;;no;no;no
21851764;mcnamara;R;NCT00917501;Robert McNamara;no;;no;no;no
17015818;baldwin;David;NCT00920725;David Baldwin;NO;;no;no;no
15753401;daniels;Gregory;NCT00925314;Gregory Daniels, MD, PhD;YES;A;yes;yes;yes
22044653;malow;B A;NCT00927030;Beth Ann Malow;yes;;yes;yes;yes
23373913;jones;P G;NCT00927199;Peter JH Jones, PhD;NO;;no;no;no
17616805;papaldo;Paola;NCT00927511;Paola Papaldo, MD;yes;;yes;yes;yes
18794094;kjaer;Susanne Kruger;NCT00932009;Susanne Kruger Kjaer;yes;;yes;yes;yes
17289521;hansen;Karen E;NCT00933244;Karen E Hansen, MD, MS;YES;A;yes;yes;yes
21115491;yu;Evan;NCT00936975;Evan Yu;YES;A;yes;yes;yes
27659192;kim;H S;NCT00947843;Hyo-Soo Kim;NO;DN;no;no;no
24567235;nasu;Kenya;NCT00955214;Kenya Nasu, MD;yes;;yes;yes;yes
23426496;epstein;Ervin;NCT00957229;Ervin Epstein, MD;NO; ;no;yes;yes
22938980;gil-nagel;Antonio;NCT00957372;Antonio Gil-Nagel, MD;YES;A;yes;yes;yes
3854841;pereira;E C;NCT00961818;Eliane C. Pereira, Master;no;;no;no;no
25815923;jacob;J;NCT00965198;Jesse Thomas Jacob;NO;;no;no;no
22473154;davies;Stella M;NCT00965666;Stella M. Davies, MBBSPhd MRCP;YES;G;yes;yes;yes
12557141;mcdermott;David H;NCT00967785;David H McDermott, M.D.;yes;;yes;yes;yes
24717572;blair;Sarah L;NCT00972010;Sarah L Blair, MD;YES;A;yes;yes;yes
21051598;carlson;Jonathan M;NCT00974012;James D Carlson, Pharm. D.;NO;DN;no;no;no
16856208;bejon;Philip;NCT00974493;Philip Bejon;YES;https://www.ndm.ox.ac.uk/principal-investigators/researcher/philip-bejon;yes;yes;yes
22382359;hallett;Mark;NCT00977184;Mark Hallett;YES;A;yes;yes;yes
27526873;austin;Gregory;NCT00977730;Gregory Austin, MD, MPH;YES;A;yes;yes;yes
24799467;ambinder;Richard F;NCT00982449;Richard Ambinder, M.D.;YES;A;yes;yes;yes
26276416;elsas;Siegward M;NCT00982787;Siegward M Elsas, M.D.;YES;R;yes;yes;yes
11059425;fraser;M R;NCT00985569;Malcolm R Fraser, MD;NO; ;no;yes;yes
26478578;reiman;Eric M;NCT00991419;Eric M Reiman, MD;yes;A;yes;yes;yes
15494479;levine;Stewart J;NCT00994175;Stewart J Levine, M.D.;yes; ;yes;yes;no
19008271;manary;Mark J;NCT01000298;Mark J. Manary, MD;yes; ;yes;yes;no
21641113;kessler;John;NCT01002235;John Kessler, M.D.;YES;https://www.feinberg.northwestern.edu/faculty-profiles/az/profile.html?xid=12433#publications;yes;yes;yes
23176675;padala;Kalpana P;NCT01002586;Kalpana P Padala, MD, MS;yes;;yes;yes;yes
17196235;pu;Yeong-Shiau;NCT01002664;Yeong-Shiau Pu, MD PhD;yes; ;no;yes;yes
15068650;reznik;Marina;NCT01003340;Marina Reznik, MD, MS;yes; ;yes;no;yes
19243755;kolibianakis;Efstratios;NCT01005784;Efstratios Kolibianakis;yes;;yes;yes;yes
27659192;kwon;S U;NCT01013532;Sun U. Kwon;yes; ;yes;yes;yes
26770763;heller;Gary V;NCT01021618;Gary V Heller, MD, PhD;YES; ;yes;no;yes
20934850;klek;Stanislaw;NCT01025414;Stanislaw Klek, MD PhD;yes;;yes;yes;yes
17164724;fueyo;Alberto Sanchez;NCT01034345;Alberto Sanchez Fueyo, MD;YES;A;yes;yes;yes
20007932;garcia-rio;Francisco;NCT01037387;Francisco Garcia-Rio;YES; ;yes;no;yes
20010165;kaufman;Jonathan;NCT01038388;Jonathan Kaufman;YES;A;yes;yes;yes
27879307;bhansali;Anil;NCT01039532;Anil Bhansali;YES;R;yes;yes;yes
15504729;mertz;Heather;NCT01049477;Heather Mertz;yes;R;yes;yes;yes
16874765;dunkel;Ira;NCT01049841;Ira Dunkel, MD;YES;A;yes;yes;yes
12522530;cullen;Joseph J;NCT01049880;Joseph J. Cullen;YES;A;yes;yes;yes
21736853;burton-freeman;Britt M;NCT01050101;Britt Burton-Freeman, MS, PhD;YES;A;yes;yes;yes
24936516;perlmutter;Joel S;NCT01052350;Joel S. Perlmutter, MD;yes; ;yes;yes;yes
19806373;girard;Benoit;NCT01052909;Benoit Girard, MD;NO;;no;no;no
7625462;bremner;D;NCT01058031;Doug Bremner, MD;YES; ;yes;no;yes
26890143;azad;N;NCT01061749;Nilofer Azad;NO; ;yes;yes;no
15347184;jacobsen;Ib Abildgaard;NCT01062763;Ib Abildgaard Jacobsen;YES;A;yes;yes;yes
25690594;liu;Lixin;NCT01065428;Ling Liu;no;DN;no;no;no
23307516;polk;Ron E;NCT01075451;Ron E Polk, Pharm.D.;yes;;yes;yes;yes
2603726;hammad;E;NCT01079494;Eman Hammad, MSc;NO;G;no;no;yes
17725938;wang;Kenneth K;NCT01084629;Kenneth K. Wang;YES;A;yes;yes;yes
25452217;rickert;Vaughn;NCT01087164;Vaughn Rickert;yes;;yes;yes;yes
23237088;lin;D;NCT01089907;Dong-Tsamn Lin, M.D.;no;;no;no;no
22180713;sakr;Mohammad;NCT01097759;Mahmoud F Sakr, MD, PhD;no;DN;no;no;no
26716117;cheng;Spencer;NCT01103700;Shao-Yi Cheng, MD, MSc;NO;DN;no;no;no
15234948;piette;John;NCT01106885;John Piette;yes;;yes;yes;yes
24717572;reed;Elizabeth C;NCT01106898;Elizabeth Reed;yes;;yes;yes;yes
27816300;greenfield;Sheldon;NCT01123239;Sheldon Greenfield;YES;A;yes;yes;yes
23733252;duffy;S;NCT01124110;Sonia Duffy;NO;;no;no;no
23116989;attinger;C;NCT01125735;Christopher Attinger, M.D.;YES;A;yes;yes;yes
23836734;long;Judith A;NCT01125969;Judith A. Long, MD;yes;;yes;yes;yes
12183348;roth;Heidi L;NCT01129479;Heidi L Roth, MD;yes;;yes;yes;yes
12682475;manthous;Constantine;NCT01131390;Constantine Manthous, MD;yes;;yes;yes;yes
27278921;breymann;Christian;NCT01131624;Christian Breymann;YES;A;yes;yes;yes
21248612;morelli;Gaetano;NCT01133444;Gaetano Morelli, MD;yes;;yes;yes;yes
18198809;schwab;Richard;NCT01138553;Richard Schwab;no;;no;no;no
24395704;menendez;Daniel;NCT01143519;Daniel Menendez, Ph.D.;yes;;yes;yes;yes
23541866;krenk;Lene;NCT01144130;Lene Krenk, Doctor;yes; ;yes;no;yes
20523220;newton;Mandi;NCT01146665;Mandi Newton;yes;;yes;yes;yes
24158121;kurtzberg;J;NCT01147653;Joanne Kurtzberg, MD;yes; ;yes;yes;yes
24195953;hong;Jeong-Yeon;NCT01149239;Jeong-Yeon Hong, MD;NO;;no;no;no
25650288;gunter;Marc;NCT01150682;Marc Gunter, PhD;YES;A;yes;yes;yes
11997563;bluemke;David A;NCT01160471;David A Bluemke, M.D.;YES;https://www.uwhealth.org/findadoctor/profile/david-bluemke-md/10518;yes;yes;yes
15378678;phan;K L;NCT01160588;K. Luan Phan;yes;;yes;yes;yes
25487109;hatano;Hiroyu;NCT01161199;Hiroyu Hatano, MD;YES;A;yes;yes;yes
20727065;eastham;James;NCT01163448;James Eastham, MD;YES;A;yes;yes;yes
22977296;kamaya;Aya;NCT01163526;Aya Kamaya;YES;A;yes;yes;yes
19339985;al-hosni;M;NCT01164124;Mohamad Al-Hosni, MD;YES;A;yes;yes;yes
22280892;mangione-smith;Rita;NCT01168635;Rita Mangione-Smith;yes;;yes;yes;yes
18454485;attia;Evelyn;NCT01170117;Evelyn Attia, MD;YES;A;yes;yes;yes
26092828;pop-busui;Rodica;NCT01170832;Rodica Pop-Busui;yes; ;yes;yes;no
25179930;rechmann;Peter;NCT01176396;Peter Rechmann;yes; ;yes;yes;no
24725155;shi;Jian;NCT01176864;Jian Shi, MD;no;;no;no;no
20521022;herrmann;S;NCT01178437;Stefan Herrmann, MD;NO; ;no;yes;yes
24839882;landa;Rebecca;NCT01179841;Rebecca Landa;yes;A;yes;yes;yes
20406951;faivre;Sandrine;NCT01182272;Sandrine Faivre;YES;A;yes;yes;yes
9299275;peterson;G;NCT01182558;Gordon Peterson;no;;no;no;no
27681271;mcrae;Stephen;NCT01184534;Stephen McRae, MD;yes;A;yes;yes;yes
25815923;fay;J;NCT01189383;Joseph Fay, MD;NO;;no;no;no
26961964;prisciandaro;J J;NCT01189578;James J. Prisciandaro;yes; ;yes;no;yes
24378514;siripassorn;Krittaecho;NCT01189695;Krittaecho Siripassorn;yes;;yes;yes;yes
21736853;kappagoda;Chulani T;NCT01190384;Chulani T Kappagoda, M.D., Ph.D.;YES;A;yes;yes;yes
12759288;lampa;J;NCT01197144;Jon Lampa;yes;;yes;yes;yes
26849012;oza;A;NCT01198184;Amit Oza;no;;no;no;no
17003454;jorge;Rodrigo;NCT01201161;Rodrigo Jorge, MD, PhD;YES;A;yes;yes;yes
23223904;lynch;Mary;NCT01205516;Mary Lynch;no;;no;no;no
18191875;hansson;Oskar;NCT01208675;Oskar Hansson;YES;A;yes;yes;yes
12243426;sharara;A;NCT01219764;Ala'a Sharara;yes;R;yes;yes;yes
27656356;ko;Andrew;NCT01222689;Andrew Ko;no;;no;no;no
15944969;finn;Richard;NCT01234935;Richard Finn;NO;;no;no;no
8733104;rongen;G;NCT01246778;G. Rongen;no;;no;no;no
9776789;matuo;T;NCT01246791;Takefumi Matuo, MD;no;;no;no;no
24674128;graves;Matthew;NCT01248182;Matthew Graves, MD;YES;A;yes;yes;yes
22068666;jhaveri;Kartik;NCT01255007;Kartik Jhaveri, MD;YES;A;yes;yes;yes
25444032;lindahl;Bertil;NCT01257282;Bertil Lindahl, professor;yes; ;yes;yes;yes
23046063;auge;Brian K;NCT01261871;Brian K Auge, M.D.;YES;A;yes;yes;yes
24851761;jaksic;Tom;NCT01263574;Tom Jaksic;YES;A;yes;yes;yes
22136405;anderson-hanley;Cay;NCT01264614;Cay Anderson-Hanley;YES;A;yes;yes;yes
22191659;lairet;Kimberly F;NCT01268189;Kimberly F Lairet, MD;yes; ;yes;yes;yes
16086943;stone;Gregg W;NCT01268319;Gregg W. Stone, M.D.;yes;a;yes;yes;yes
21081643;knobloch;Karsten;NCT01269879;Karsten Knobloch, FACS, MD, PhD;yes; R;no;yes;yes
25897948;knight;Julia A;NCT01275391;John R Knight, MD;no;DN;no;no;no
24768778;basik;Mark;NCT01276899;Mark Basik;YES;A;yes;yes;yes
24557761;masclee;Ad;NCT01279382;Ad Masclee, Prof. Dr.;yes;R;yes;yes;yes
2038454;bailey;T;NCT01280942;Tom Bailey, MD;NO;DN;no;no;no
27783196;hamrahian;Amir;NCT01282164;Amir Hamrahian, MD;YES;A;yes;yes;yes
24799467;ambinder;Richard F;NCT01282216;RIchard Ambinder, M.D.;YES;A;yes;yes;yes
22917853;haugen;Gregory;NCT01282684;Gregory Haugen, MD;YES;A;yes;yes;yes
24073407;mei;Wei;NCT01283412;Wei Mei;yes;;yes;yes;yes
25588353;fernandez;Hubert H;NCT01287247;Hubert H. Fernandez, MD, FAAN;YES;A;yes;yes;yes
26912808;rao;Satish;NCT01288508;Satish Rao;no;;no;no;no
15578370;aronson;Naomi E;NCT01289977;Naomi E Aronson, MD;YES;A;yes;yes;yes
24749763;lee;T C H;NCT01290276;Tong Lee;no;;no;no;no
17671248;simpson;Ericka P;NCT01291940;Eric Simpson;no;DN;no;no;no
22412838;popovic;Milos;NCT01292811;Milos Popovic;no;;no;no;no
16505765;gandon;Yves;NCT01295554;Yves Gandon, MD;YES;A;yes;yes;yes
25350772;danel;Vincent;NCT01295749;Vincent Danel, MD;YES;G;yes;yes;yes
25294537;roth;Scott;NCT01300936;Scott Roth, MD;yes;;yes;yes;yes
27896515;mahner;Sven;NCT01304667;Sven Mahner, MD PhD;yes;http://www.klinikum.uni-muenchen.de/International-Patient-Office/en/departments/gynecology/index.html;yes;yes;yes
27898078;laibson;David I;NCT01305798;David I Laibson, Ph.D;yes;R;yes;yes;yes
20177408;conboy;L;NCT01305811;Lisa Conboy;NO;R;no;no;no
26494722;mccormick;Rodger J;NCT01306994;Rodger J McCormick, DEd, MS;yes; ;yes;yes;yes
27429865;shaw;Daniel S;NCT01308411;Dominick Shaw, Dr;no;DN;no;no;no
12531764;mccarthy;Denise M;NCT01314144;Denise M McCarthy, MB FCARCSI;no;;no;no;no
18772720;pallikaris;Ioannis;NCT01315340;Ioannis Pallikaris, MD;yes;;yes;yes;yes
20133896;keijmel;Stephan;NCT01318356;Stephan Keijmel;YES;A;yes;yes;yes
20610085;donnenfeld;Eric D;NCT01321424;Eric D Donnenfeld, MD;YES;A;yes;yes;yes
23775979;innis;Robert B;NCT01322555;Robert B Innis, M.D.;YES;A;yes;yes;yes
23799932;funk;Jens;NCT01325324;Jens Funk, Prof. MD;YES;A;yes;yes;yes
22464751;patten;Christi;NCT01331226;Christi Patten;yes;;yes;yes;yes
13930249;levy;C;NCT01332929;Christelle LEVY, MD;no;;no;no;no
18156001;resnicow;Ken;NCT01335308;Ken Resnicow;yes;;yes;yes;yes
18780138;campbell;Tavis S;NCT01335776;Tavis S. Campbell;YES;A;yes;yes;yes
20841799;borbolla;Damian;NCT01336257;Damian Borbolla;YES;A;yes;yes;yes
21051598;deeks;Steven G;NCT01336855;Steven Deeks, M.D.;YES;https://cfar.ucsf.edu/people/steven-deeks;yes;yes;yes
24257679;mont;Michael A;NCT01337466;Michael A Mont, MD;yes;;yes;yes;yes
26041765;park;M;NCT01341392;Minsoo Park;no;;no;no;no
27084530;block;Geoffrey;NCT01341678;Geoffrey Block;YES;A;yes;yes;yes
23548136;hasani;Antigona;NCT01342835;Antigona Hasani, MD,MSC;YES;A;yes;yes;yes
21311112;yamano;Yoshihisa;NCT01343355;Yoshihisa Yamano, MD;YES; ;yes;no;yes
8145350;allweis;T;NCT01343849;Tanir Allweis, MD;YES; ;yes;no;yes
21724195;heron;Dwight;NCT01345552;Dwight Heron;YES;A;yes;yes;yes
23093339;shafat;A;NCT01347814;Amir Shafat;yes;R;yes;yes;yes
905320;rankin;L;NCT01356212;L Rankin, MD;no;;no;no;no
27745871;holland;Jimmie;NCT01356251;Jimmie Holland, MD;YES;A;yes;yes;yes
424168;bezdetko;P A;NCT01357538;Pavel A Bezdetko, Prof.;YES;A;yes;yes;yes
25815923;kim;M S;NCT01358279;Manho Kim;no;;no;no;no
27447114;scott;D A;NCT01359540;David F. Scott, MD;no;;no;no;no
23649971;infante;Jeffrey;NCT01359982;Jeffrey Infante, MD;YES;A;yes;yes;yes
25238345;miller;J;NCT01362179;John P Miller, MD, PhD;no;;no;no;no
23380429;connolly;Sandra;NCT01365117;Sandra Connolly, M.D.;YES;A;yes;yes;yes
17573222;kusuda;Satoshi;NCT01375309;Satoshi Kusuda;yes;;yes;yes;yes
25406354;gangji;Azim;NCT01379404;Azim Gangji;YES;http://hamiltonkidneyresearch.ca/clinical-science/dr-azim-gangji/;yes;yes;yes
22800378;sletvold;Olav;NCT01379456;Olav Sletvold, MD,PHD;yes;;yes;yes;yes
25897948;shah;Mitul;NCT01386346;Manish Shah, M.D.;no;DN;no;no;no
3130559;aubin;M;NCT01389739;Michelle Aubin;NO;;no;no;no
19291997;jong;Roberta A;NCT01391039;Roberta A Jong, FRCPC;YES; ;no;yes;yes
23848267;barr;R Graham;NCT01397721;R. Graham Barr;YES;A;yes;yes;yes
25406114;ayas;Najib;NCT01398878;Najib Ayas, MD MPH;YES;A;yes;yes;yes
19908104;horgan;Santiago;NCT01402505;Santiago Horgan;YES;A;yes;yes;yes
21130003;yoon;Kun Ho;NCT01406704;Kun Ho Yoon;YES;A;yes;yes;yes
26114161;miller;Kathy D;NCT01407185;Kenneth L Miller, PT, DPT;no;DN;no;no;no
25994357;quintiliani;Lisa M;NCT01412099;Lisa M. Quintiliani;yes; ;yes;yes;ynes
25524060;dawson;D;NCT01414348;Deirdre Dawson;YES;A;yes;yes;yes
19149519;seidel;Egbert;NCT01415050;Egbert Seidel, Prof.Dr.med.;no;;no;no;no
23086216;northouse;Laurel;NCT01415089;Laurel Northouse, PhD;yes;;yes;yes;yes
21515561;maul;Eugenio A;NCT01417689;Eugenio A Maul, MD MPH;yes;;yes;yes;yes
24072721;krupp;Lauren;NCT01419301;Lauren Krupp;yes;;yes;yes;yes
14313296;ramaswamy;S;NCT01420575;SRIRAM RAMASWAMY;no;;no;no;no
23223100;hogue;Charles W;NCT01425385;Charles W. Hogue;YES;A;yes;yes;yes
18380703;bekaii-saab;T;NCT01425879;Tanios Bekaii-Saab;YES;A;yes;yes;yes
20533506;wong;Rebecca;NCT01428895;Rebecca Wong, MB ChB;YES;A;yes;yes;yes
25144214;adler;Stephen;NCT01433042;Samuel Adler, Prof;YES; ;yes;no;yes
16847401;rerks-ngarm;Supachai;NCT01435135;Supachai Rerks-Ngarm, MD;yes;;yes;yes;yes
23926236;salerno;Sergio;NCT01436006;Sergio Salerno;yes;;yes;yes;yes
22482136;miller-halegoua;Suzanne M;NCT01440855;Suzanne M Miller-Halegoua, PhD;yes;;yes;yes;yes
15976244;kjelstrup;Trygve;NCT01442857;Trygve Kjelstrup, MD;yes;;yes;yes;yes
25605853;inaba;Hiroto;NCT01451515;Hiroto Inaba, MD,PhD;YES;A;yes;yes;yes
22422531;molina;Ana;NCT01453595;Ana Molina, MD;no;;no;no;no
24519691;nishioka;Gentaro;NCT01454635;Gentaro Nishioka;yes; ;no;yes;yes
20479444;galiano;Robert D;NCT01457183;Robert Galiano;YES;https://www.feinberg.northwestern.edu/faculty-profiles/az/profile.html?xid=17792#publications;yes;yes;yes
26141208;xiu;Q;NCT01459081;Qingyu Xiu, MD;YES;R;yes;yes;yes
25161267;lansigan;Frederick;NCT01460238;Frederick Lansigan, MD;yes;A;yes;yes;yes
27845775;nielsen;C K;NCT01462058;Connie Thuree Nielsen, consultant, MD, ph.d;no;DN;no;no;no
27824751;crowe;Susan D;NCT01469260;Susan D Crowe;YES;A;yes;yes;yes
23917222;zhu;H;NCT01471613;Hui Zhu, MD;NO;;no;no;no
18648131;shaheen;Nicholas;NCT01472939;Nicholas Shaheen, MD, MPH;yes;;yes;yes;yes
24079660;scrivo;Rossana;NCT01475409;Rossana Scrivo;yes;;yes;yes;yes
25815923;wang;Z;NCT01478139;Zhen Jun Wang;NO;;no;no;no
22172951;riphagen-dalhuisen;Josien;NCT01481467;Josien Riphagen-Dalhuisen;yes; ;yes;yes;yes
26892399;jahreis;Gerhard;NCT01481584;Gerhard Jahreis;YES;A;yes;yes;yes
21998505;gonzalez;Victor H;NCT01486771;Victor H. Gonzalez, MD;NO;;no;no;no
26355478;audet;Denis;NCT01490788;Denis Audet, MD;YES; ;yes;yes;no
3755864;bello;C;NCT01497496;Celeste Bello, M.D.;NO;R;yes;yes;yes
18470266;robertson;T L;NCT01498601;Trudy L. Robertson, MSN;no;;no;no;no
24636713;houthoofd;Sabrina;NCT01499342;Sabrina Houthoofd, MD;YES;A;yes;yes;yes
20050851;roy;J W;NCT01500044;Jean-SÔø?Ôø?bastien Roy;no;DN;no;no;no
18088159;mones;Jordi;NCT01500915;Jordi Mones;yes;;yes;yes;yes
22695041;barsness;Katherine;NCT01501539;Katherine Barsness, MD;YES;A;yes;yes;yes
14660291;nachtigall;Lila;NCT01502527;Lila Nachtigall, MD;yes;;yes;yes;yes
23367484;hsu;Wei-Li;NCT01504217;Wei-Li Hsu, PT, PhD;YES;A;yes;yes;yes
14202743;braverman;M;NCT01507714;MEIRAV BRAVERMAN, MD;NO;;no;no;no
21790306;overgaard;Jens;NCT01509430;Jens Overgaard;yes;;yes;yes;yes
25441735;larsen;Finn O;NCT01511146;Finn O Larsen, M.D. , Ph.D;yes;;yes;yes;yes
17445281;nordentoft;Merete;NCT01512602;Merete Nordentoft;yes;;yes;yes;yes
7513684;anselme;F;NCT01521988;Frederic Anselme, MD;NO; ;yes;no;yes
6257595;antolic;Z N;NCT01523483;Ziva Novak Antolic;YES; ;yes;no;yes
24777184;mielcarek;M;NCT01527045;Marco Mielcarek;yes;A;yes;yes;yes
25942199;schroeder;Thies;NCT01530464;Thies Schroeder;yes;;yes;yes;yes
24636948;henriksen;M;NCT01538407;Marius Henriksen;YES;A;yes;yes;yes
23771351;pieber;Thomas R;NCT01538485;Thomas R. Pieber, Prof.;yes;;yes;yes;yes
24635483;buinauskaite;Evelina;NCT01541228;Evelina Buinauskaite;YES;A;yes;yes;yes
12078146;bao;T;NCT01541644;Ting Bao;NO;;no;no;no
21586627;murphy;Greer M;NCT01542645;Glenn S. Murphy, MD;no;DN;no;no;no
20698739;adi;N;NCT01547507;Nimrod Adi, MD;NO;;no;no;no
20808827;rouault;Tracey A;NCT01547767;Tracey A Rouault, M.D.;yes;;yes;yes;yes
17335325;beyer;John;NCT01549041;John Beyer, MD;YES;;yes;yes;yes
23548622;wong;Wai T;NCT01553474;Wai T Wong, M.D.;YES;A;yes;yes;yes
21769288;horiuchi;A;NCT01553565;Akira Horiuchi;YES;R;yes;yes;yes
23203442;interian;Alejandro;NCT01554839;Alejandro Interian, PhD;YES;A;yes;yes;yes
24232742;eikermann;M;NCT01557920;Matthias Eikermann;NO;;no;no;no
27551652;skinner;Andrew;NCT01561573;Andrew Skinner;yes; ;yes;no;yes
23462476;klein;Ophir;NCT01564225;Ophir Klein, MD, PhD;yes;G;yes;yes;yes
27899088;he;Yulong;NCT01566942;Yulong He;YES;A;yes;yes;yes
19997864;olsson;Johan;NCT01568567;Johan Olsson, PhD;yes;;yes;yes;yes
14989396;georges;George;NCT01570348;George Georges;NO;;no;no;no
22433593;bisoffi;Z;NCT01570504;Zeno Bisoffi, MD, PhD;YES;A;yes;yes;yes
22330964;nguyen;Quan Dong;NCT01570790;Quan Dong Nguyen;yes; ;yes;yes;yes
24330381;chelly;Jacques E;NCT01571492;Jacques E. Chelly;YES;A;yes;yes;yes
15596610;postuma;Ron;NCT01573260;Ron Postuma;yes;G;yes;yes;yes
27532830;simmons;David;NCT01575080;David Simmons, MD;yes; ;yes;no;yes
16793810;petersen;Pernille Lykke;NCT01577940;Pernille Lykke Petersen;yes;;yes;yes;yes
24915420;weber;Karen;NCT01579136;Karen Weber, DO, FACP;NO;;no;no;no
20701797;shovlin;Claire L;NCT01590121;Claire L Shovlin, PhD MA MB BChir FRCP;yes;;yes;yes;yes
24951611;kantelhardt;Eva Johanna;NCT01592825;Eva Johanna Kantelhardt;YES;A;yes;yes;yes
25607338;esteghamati;A;NCT01593371;Alireza Esteghamati;YES;A;yes;yes;yes
22479191;ridker;Paul;NCT01594333;Paul Ridker;yes;;yes;yes;yes
18583575;israel;Elliot;NCT01597375;Elliot Israel, MD;YES;A;yes;yes;yes
16020735;jacquet;Alain;NCT01599169;Alain Jacquet;NO;;no;no;no
26285821;low;Su Ying;NCT01600378;Su Ying Low, BMBCh;yes;A;yes;yes;yes
24126021;heldman;D A;NCT01602042;Dustin A Heldman, PhD;YES;A;yes;yes;yes
22546262;french;Simone A;NCT01606891;Simone A French, PhD;YES;A;yes;yes;yes
21108832;habib;Habib;NCT01609569;Habib Habib, MD;NO;;no;no;no
607776;pinheiro;H;NCT01609673;Helady Pinheiro, MD, PhD;no;;no;no;no
25298125;cook;S;NCT01612117;StÔø?Ôø?phane Cook, Prof;NO;;no;no;no
6043404;kubiak;E;NCT01612208;Eric Kubiak;no;;no;no;no
18209162;ferrell;Betty;NCT01612598;Betty Ferrell;NO;;no;no;no
8901841;kreutz;R;NCT01612884;Rolf Kreutz;no;;no;no;no
19687108;hops;Hyman;NCT01616212;Hyman Hops, Ph.D.;YES;G;yes;yes;yes
26967911;krishnan-sarin;S;NCT01625767;Suchitra Krishnan-Sarin;yes; ;yes;no;yes
27872957;lindenberg;M L;NCT01633255;Maria Liza Lindenberg, M.D.;yes;A;yes;yes;yes
26249018;khunti;Kamlesh;NCT01633710;Kamlesh Khunti, MB BS;YES;A;yes;yes;yes
24931689;yuankai;Shi;NCT01637493;Shi Yuankai, M.D.;YES;A;yes;yes;yes
26890143;azad;N;NCT01639131;Nilofer Azad;NO; ;yes;yes;no
23424610;white;James;NCT01640769;James White;NO;;no;no;no
22919987;raksakietisak;Manee;NCT01643135;Manee Raksakietisak;yes; ;yes;yes;yes
24444391;derossi;Scott;NCT01647737;Scott DeRossi;YES;A;yes;yes;yes
23588313;stein;E A;NCT01648504;Ellen Stein, MD;no;;no;no;no
20046519;yun;Mi Ja;NCT01649973;Mi Ja Yun, MD, PhD;YES; ;yes;no;yes
23836734;long;Judith A;NCT01651117;Judith A. Long, MD;yes;;yes;yes;yes
25815923;li;H;NCT01653990;Haiyan Li;no;;no;no;no
17493472;calo;Leonardo;NCT01657136;Leonardo Calo;YES; ;yes;no;yes
26248869;brooker;S J;NCT01658774;Simon J Brooker, DPhil;YES;A;yes;yes;yes
17804043;linnemann;Birgit;NCT01660061;Birgit Linnemann;yes;A;yes;yes;yes
22913108;ramakrishnan;Usha;NCT01665378;Usha Ramakrishnan;yes; ;yes;no;yes
25897948;dunn;Janet A;NCT01676454;Julie Dunn, M.D.;NO;;no;no;no
26031713;singh;Anurag;NCT01682031;Anurag Singh;no;;no;no;no
21286433;yoo;Kyung Yeon;NCT01683916;Kyung Yeon Yoo;YES;A;yes;yes;yes
24661652;oyesiku;Nelson M;NCT01684098;Nelson M Oyesiku, MD, PhD;yes; ;yes;yes;no
24966953;wang;Ming-Chung;NCT01684189;Ming-Chung Wang, M.D.;YES;A;yes;yes;yes
24825646;yeh;Steven;NCT01684280;Sung Ling Yeh;NO;DN;no;no;no
12712471;kost;Edward R;NCT01685593;Edward R. Kost, M.D.;yes;;yes;yes;yes
21060751;yu;Kyung Sang;NCT01685671;Kyung Sang Yu, Ph.D;YES;A;yes;yes;yes
23620687;kuna;Samuel T;NCT01686438;Samuel T. Kuna, MD;yes;;yes;yes;yes
25885634;potthoff;Karin;NCT01693159;Karin Potthoff, MD;yes;A;yes;yes;yes
18419607;castanedo-cazares;J P;NCT01695356;Juan Pablo Castanedo-Cazares;YES;A;yes;yes;yes
27919307;bian;Z;NCT01695850;ZhaoXiang Bian;NO;;no;no;no
19734632;yang;Gary;NCT01697371;Gary Yang, MD;YES; ;yes;no;yes
23042927;crystal;R G;NCT01698229;Ronald G Crystal, MD;YES;A;yes;yes;yes
6365765;acharya;S K;NCT01698723;Subrat Kumar Acharya;YES;G;yes;yes;yes
23315187;ruiz-tovar;Jaime;NCT01700504;Jaime Ruiz-Tovar, MD, PhD;yes; ;no;yes;yes
26849131;monfort;Jordi;NCT01700634;Jordi Monfort;yes;;yes;yes;yes
23942177;barnard;N D;NCT01700881;Neal D Barnard, MD;YES;A;yes;yes;yes
26351239;baumbach;Sebastian F;NCT01702597;Sebastian. F. Baumbach;YES;A;yes;yes;yes
23367484;hsu;Wei-Li;NCT01703403;Wei-Li Hsu, PT,PhD;YES;A;yes;yes;yes
27898078;fontana;Mark Alan;NCT01707797;Margherita Fontana, DDS, PhD;NO;;no;no;no
19185011;bowers;Dawn;NCT01709799;Dawn Bowers, Ph.D.;YES;A;yes;yes;yes
12606041;prin;Lionel;NCT01713504;Lionel Prin, MD PhD;yes;;yes;yes;yes
25994443;hammoudi;Nadjib;NCT01714752;Nadjib Hammoudi, MD;YES; ;yes;no;yes
22398919;brinkhaus;Benno;NCT01716832;Benno Brinkhaus;YES;A;yes;yes;yes
23485008;arshad;H;NCT01718223;Hassan Arshad, MD;NO; ;yes;yes;yes
26416843;menezes;P R;NCT01719289;Paulo R Menezes, PhD;yes;;yes;yes;yes
19289701;choi;Peter;NCT01721421;Peter Choi, MBcHB PhD;NO;;no;no;no
21896895;dandona;Paresh;NCT01722227;Paresh Dandona;YES;A;yes;yes;yes
26356799;obrynba;Kathryn;NCT01724190;Kathryn Obrynba;yes; ;no;yes;yes
26114161;miller;Kathy D;NCT01732406;Karen Klahr Miller, MD;no;DN;no;no;no
24791224;hwang;Kevin;NCT01736111;Kevin Hwang, MD;NO;;no;no;no
27898078;harris;Tamara B;NCT01737151;Timothy J Harris, M.D.;NO;DN;no;no;no
16076978;liddle;H;NCT01737632;Howard Liddle;no;;no;no;no
22476825;nardo;Giovanni Di;NCT01737983;Giovanni Di Nardo;yes;;yes;yes;yes
22656427;shapiro;Oleg;NCT01738815;Oleg Shapiro, MD;yes;;yes;yes;yes
21604027;seiler;C A;NCT01742455;Christian Seiler;yes;;yes;yes;yes
27810919;izquierdo;Guillermo;NCT01745783;Guillermo Izquierdo, MD;YES;A;yes;yes;yes
27111533;yeh;Yu-Chang;NCT01756755;Yu-Chang Yeh, M.D., Ph.D.;NO;;no;no;no
19429090;hong;S L;NCT01758965;Su Jin Hong;NO;DN;no;no;no
25901621;larson;A Noelle;NCT01760434;A. Noelle Larson;yes;;yes;yes;yes
22923666;russell;Steven J;NCT01762059;Steven J. Russell, MD, PhD;yes; ;yes;no;yes
26067263;bouet;Pierre-Emmanuel;NCT01762098;Pierre-Emmanuel Bouet, MD;YES;R;yes;yes;yes
18780138;campbell;Tavis S;NCT01764360;Thomas B. Campbell, MD;NO;DN;no;no;no
25092244;xin;Y;NCT01770704;Yu Xin;YES;A;yes;yes;yes
18950476;kool;Tijn;NCT01773057;Tijn Kool, PhD;yes;R;yes;yes;yes
12130890;bucher;Heiner C;NCT01773824;Heiner C Bucher, Prof Dr med;YES;A;yes;yes;yes
26261728;fathi;Amir;NCT01779843;Amir Fathi;NO; ;yes;yes;no
26890143;azad;N;NCT01783171;Nilofer Azad;NO; ;yes;yes;no
17671248;barohn;Richard;NCT01786603;Richard Barohn, MD;YES;A;yes;yes;yes
17549192;perle;Stephen M;NCT01787721;Stephen M Perle, DC, MS;yes;;yes;yes;yes
20415391;glazebrook;Mark;NCT01791634;Mark Glazebrook;YES;A;yes;yes;yes
23159170;raftery;Tara;NCT01792388;Tara Raftery;yes;;yes;yes;yes
25648657;block;Mattias;NCT01798953;Mattias Block;YES;A;yes;yes;yes
22289909;naeem;F;NCT01799551;Fraooq Naeem;no;;no;no;no
27403216;deshaies;Eric M;NCT01801488;Eric M Deshaies, MD;YES; ;yes;no;yes
27955116;laskin;J J;NCT01802905;Janessa J. Laskin, MD FRCPC;yes;A;yes;yes;yes
21527296;couture;Patrick;NCT01806441;Patrick Couture;YES;http://www.crchudequebec.ulaval.ca/en/research/researchers/patrick-couture/;yes;yes;yes
24444857;paspulati;Raj;NCT01807117;Raj Paspulati, MD;yes; ;yes;yes;yes
26093880;kovacic;Jason;NCT01808729;Jason Kovacic, MD;yes;A;yes;yes;yes
22933687;shemshaki;Hamidreza;NCT01809977;Hamidreza Shemshaki;yes;;yes;yes;yes
25846531;christodouleas;John;NCT01811810;John Christodouleas, MD;YES;A;yes;yes;yes
17289521;hansen;Karen E;NCT01812811;Klavs W Hansen, MD, dr.med.;NO;DN;no;no;no
24717572;cyr;Amy;NCT01821768;Amy Cyr, M.D.;YES;A;yes;yes;yes
11845650;kazdin;Alan E;NCT01822392;Alan E. Kazdin;YES;A;yes;yes;yes
19353676;ringel;Steven P;NCT01825395;Steven P Ringel, MD;yes;;yes;yes;yes
11807266;acharya;N;NCT01829295;Nisha Acharya, MD, MS;NO;;no;no;no
19226010;bargar;William L;NCT01831219;William L Bargar, MD;YES;A;yes;yes;yes
21261621;elkhouli;A M;NCT01831453;Amr Moustafa Elkhouli;YES;A;yes;yes;yes
16085507;lunell;Erik;NCT01838473;Erik Lunell, MD, PhD;yes;R;yes;yes;yes
23959658;heptulla;Rubina;NCT01840618;Rubina Heptulla, MD;YES;A;yes;yes;yes
19944392;laville;Maurice;NCT01845012;Maurice Laville, MD, PHD;yes;;yes;yes;yes
20208553;zhao;Jia-jun;NCT01848171;Jia-jun Zhao;NO;R;no;no;no
7478572;arnaud;L;NCT01855841;Lemmers Arnaud;NO;L;yes;yes;yes
25586788;johnston;Donna;NCT01858155;Donna Johnston, MD;YES;A;yes;yes;yes
14625212;kirschen;Matthew;NCT01860404;Matthew Kirschen;yes;R;yes;yes;yes
26538077;bergman;Jacques J G H M;NCT01862666;Jacques Bergman, MD;YES;A;yes;yes;yes
27950623;hurria;A;NCT01866969;Arti Hurria, MD;YES;A;yes;yes;yes
25968573;ardilouze;Jean-Luc;NCT01869608;Jean-Luc Ardilouze;YES;A;yes;yes;yes
26274274;liberman;M;NCT01871597;Moishe Liberman, MD, PhD;no;;no;no;no
21715792;ma;C;NCT01878981;Changsheng Ma, doctor;no;;no;no;no
25897948;yang;Rose;NCT01885039;Rose Yang, Ph.D.;YES;RA;yes;yes;yes
27139155;greil;R;NCT01891227;Richard Greil, Prof.Dr.;YES;A;yes;yes;yes
23083236;stein;M;NCT01892358;Michael Stein, MD;no;;no;no;no
27619319;li;Rui;NCT01893164;Rui Li;no;;no;no;no
27898078;lee;James J;NCT01895387;Jong Ho Lee, Ph.D;no;DN;no;no;no
21627399;pakfetrat;Maryam;NCT01906840;Maryam Pakfetrat;yes;;yes;yes;yes
24898100;bartholomew;Marguerite Lisa;NCT01907516;Marguerite Lisa Bartholomew, MD;YES;A;yes;yes;yes
26734890;freedman;Rachel;NCT01912963;Rachel Freedman;NO;;no;no;no
18391676;feinstein;Jeffery;NCT01913457;Jeffery Feinstein, MD;YES; ;yes;no;yes
17904144;kayo;A;NCT01919645;Andrea Kayo;NO;;no;no;no
27069950;gopal;Ajay;NCT01921387;Ajay Gopal;YES;A;yes;yes;yes
25238345;miller;J;NCT01922219;Jeffrey M Miller, M.D.;no;;no;no;no
25826750;chalasani;Pavani;NCT01923298;Pavani Chalasani;YES;A;yes;yes;yes
18930630;cintra;Fatima Dumas;NCT01924507;Fatima Dumas Cintra;YES;A;yes;yes;yes
20568235;mackie;Alan R;NCT01925053;Alan R Mackie, PhD;yes;;yes;yes;yes
25071714;miao;Zhongrong;NCT01925872;Zhongrong Miao;yes; ;yes;no;yes
17069106;clarke;Brian;NCT01927614;Brian Clarke, MD;NO;;no;no;no
27879307;rastogi;Ashu;NCT01935466;Ashu Rastogi;yes;A;yes;yes;yes
14710195;ryder;Stephen;NCT01937130;Stephen Ryder, Dr.;no;;no;no;no
27659192;kim;H S;NCT01938326;Hyung-Ho Kim;NO;DN;no;no;no
24196328;ozog;David M;NCT01938586;David M. Ozog;yes;;yes;yes;yes
25142481;goldstein;Roger;NCT01942499;Roger Goldstein;YES;https://www.westpark.org/en/AboutUs/NewsRoom/AboutOurExperts/Goldstein;yes;yes;yes
16049962;mutanen;Marja;NCT01944891;Marja Mutanen;yes;;yes;yes;yes
26170103;bayram;Adnan;NCT01948336;Adnan Bayram;YES;A;yes;yes;yes
27612560;mathews;Anne;NCT01948466;Anne Mathews, PhD, RD, LDN;yes; ;yes;yes;no
20262587;leger;J;NCT01951924;Jean-Marc LEGER, MD;no;;no;no;no
17712751;sia;Irene G;NCT01952808;Irene G. Sia, M.D.;yes;;yes;yes;yes
25549827;ibfelt;T;NCT01953393;Tobias Ibfelt;YES;A;yes;yes;yes
20150394;shinto;Lynne;NCT01953705;Lynne Shinto;yes;;yes;yes;yes
25815923;choi;M;NCT01955668;Michael Choi, MD;NO;;no;no;no
21886091;kocheril;Abraham G;NCT01960218;Abraham G Kocheril, MD;yes;R;yes;yes;yes
24280904;jonsson;Marcus;NCT01961700;Marcus Jonsson;YES;A;yes;yes;yes
27647063;shelley;Donna;NCT01967654;Donna Shelley, MD, MPH;yes; ;yes;no;yes
17576511;jan;C;NCT01973582;Chyi-Feng Jan, MD, MSc, PhD;NO;;no;no;no
21290020;carolan;Gregory F;NCT01973699;Gregory F Carolan, MD;YES;A;yes;yes;yes
25190350;tan;Xinghua;NCT01973855;Xinghua Tan;yes;a;yes;yes;yes
25844364;mccarthy;Anne E;NCT01976325;Anne E McCarthy, MD, MSc;yes; ;yes;yes;yes
27247055;boersma;Liesbeth J;NCT01978756;Liesbeth J Boersma, M.D., Ph.D.;YES;A;yes;yes;yes
26994684;lerman;Amir;NCT01983943;Amir Lerman;yes;A;yes;yes;yes
26668126;haas;R;NCT01985295;Rick Haas, MD,PhD;YES;A;yes;yes;yes
19932048;politi;M;NCT01986790;Mary Politi, PhD;no;;no;no;no
26901791;nilius;Georg;NCT01987661;Georg Nilius;yes;;yes;yes;yes
25815923;kim;M S;NCT01991145;MinYoung Kim, M.D.;no;;no;no;no
27307782;burns;Jonathan K;NCT02000583;Jeffrey Burns, MD;NO;DN;no;no;no
23062930;shalaby;Suzan;NCT02002897;Suzan Shalaby;yes;;yes;yes;yes
25441964;nanney;Marilyn S;NCT02004977;Marilyn S Nanney, PhD;yes;;yes;yes;yes
11380572;pezzani;M;NCT02005692;Michelle Pezzani, MD;no;;no;no;no
27708972;gulati;Sasha;NCT02006901;Sasha Gulati, MD, PhD;YES;A;yes;yes;yes
19844255;genest;Jacques;NCT02009345;Jacques Genest;YES;A;yes;yes;yes
27052927;marston;W;NCT02011724;William A. Marston, MD;yes;;yes;yes;yes
26360703;lin;Shu-Wen;NCT02016274;Shen Lin;no;DN;no;no;no
27872306;caskey;Marina;NCT02018510;Marina Caskey, MD;YES;A;yes;yes;yes
19415257;racadio;John;NCT02021071;John Racadio, MD;yes;;yes;yes;yes
22162591;cercek;Andrea;NCT02023333;Andrea Cercek, MD;YES;A;yes;yes;yes
27898078;yang;Jian;NCT02024321;Jincheng Yang;NO;;no;no;no
22103994;gibb;Diana M;NCT02028676;Diana M Gibb;YES; ;yes;no;yes
23225801;liou;Wen-Shyong;NCT02028793;Wen-Shyong Liou, PhD;yes;;yes;yes;yes
25300887;janat-amsbury;Margit;NCT02029053;Margit Janat-Amsbury, MD, PhD;YES;A;yes;yes;yes
27507236;holm;Lars;NCT02034760;Lars Holm;YES;A;yes;yes;yes
26691210;maher;Elizabeth;NCT02035852;Elizabeth Maher, MD;yes;R;yes;yes;yes
25985972;bruns;Alessandra;NCT02036125;Alessandra Bruns;YES;A;yes;yes;yes
14081684;didier;A;NCT02041624;Alain DIDIER, MD;NO;;no;no;no
19122123;luyten;Patrick;NCT02041741;Patrick Luyten, PhD;yes;;yes;yes;yes
1443241;rodriguez;E;NCT02044887;Emiliano Rodriguez, MD;yes;;yes;yes;yes
24668421;sander;Mikael;NCT02046954;Michael Sander;no;DN;no;no;no
20436519;grimley;M;NCT02048332;Michael Grimley, MD;YES; ;yes;no;yes
17113461;agulnik;Mark;NCT02048722;Mark Agulnik, M.D.;YES; ;yes;no;yes
24618382;liddy;C;NCT02053467;Clare Liddy, MD;yes;A;yes;yes;yes
27429865;murray;Laura;NCT02054780;Laura Murray, PhD;yes;;yes;yes;yes
15778574;walker;Paul;NCT02054819;Paul Walker, MD, PhD;YES; ;yes;no;yes
20522604;roldan;Carlos;NCT02057549;Carlos Roldan;no;;no;no;no
10471815;jeon;B;NCT02060695;BS Jeon;NO;DN;no;no;no
19656707;chou;Yu-Hsiang;NCT02061566;Yu-Hsiang Chou, MD;YES;A;yes;yes;yes
22699673;chan;A;NCT02063399;Allen Chan;NO;DN;no;no;no
23585663;bailey;Timothy;NCT02073058;Timothy Bailey, MD;YES;A;yes;yes;yes
22819472;chang;Joe Y;NCT02073916;Jenny C. Chang, MD;NO;DN;no;no;no
26180915;avadhani;Amita;NCT02076438;Amita Avadhani, DNP, DCC, ACNP, ANP, CCRN;YES;A;yes;yes;yes
21340529;marx;Nikolaus;NCT02077309;Nikolaus Marx, Univ.-Prof.;yes;;yes;yes;yes
25897948;gaudet;Mia M;NCT02077335;Marc Gaudet;NO;DN;no;no;no
14912113;jacob;S;NCT02079272;Sophie JACOB;NO;;no;no;no
23587882;lee;Paula S;NCT02080546;Paula S Lee, MD;yes;;yes;yes;yes
22475301;elalfy;Mohsen Saleh;NCT02083575;Mohsen Saleh Elalfy;YES;A;yes;yes;yes
23005614;liu;Q;NCT02083718;Qifa Liu;no;;no;no;no
26327975;ayiasi;Richard Mangwi;NCT02084680;Richard Mangwi Ayiasi, Masters;YES;A;yes;yes;yes
25815923;perry;T;NCT02091869;Tamara T Perry, MD,FAAP;no;;no;no;no
26495461;mark;Edith;NCT02102425;Edith Mark;yes;;yes;yes;yes
20819898;berglund;Staffan;NCT02103205;Staffan Berglund;YES;A;yes;yes;yes
18772477;shah;Raj;NCT02104076;Raj Shah, M.D.;no;;no;no;no
21586627;scanlon;Blake K;NCT02106065;Blake K Scanlon, PhD;yes;;yes;yes;yes
24607915;birgersdotter-green;Ulrika;NCT02111980;Ulrika Birgersdotter-Green;YES;A;yes;yes;yes
25923158;gonzalez-ojeda;Alejandro;NCT02115191;Alejandro Gonzalez-Ojeda;YES;A;yes;yes;yes
26291538;anderson;Roy M;NCT02115646;Richard Rox Anderson, MD;NO;DN;no;no;no
25570817;hebb;Adam O;NCT02115802;Adam O Hebb;YES;A;yes;yes;yes
15483211;astrup;Arne;NCT02116829;Arne Astrup;YES;A;yes;yes;yes
20093042;owusu-ofori;S;NCT02118428;Shirley Owusu-Ofori, MD;yes; ;yes;yes;yes
26002917;grant;Maria;NCT02119689;Maria Grant, MD;YES;A;yes;yes;yes
22353292;chien;Yin-Hsiu;NCT02123186;Yin-Hsiu Chien, M.D., PhD.;YES;A;yes;yes;yes
27660931;espinosa;Rolando;NCT02124031;Rolando Espinosa, M. D.;YES;A;yes;yes;yes
26768513;zhong;Jian-Hong;NCT02125396;Jian-Hong Zhong;YES;A;yes;yes;yes
26825461;middleton;Robert;NCT02126345;Robert Middleton, MD;no;;no;no;no
21724195;heron;Dwight;NCT02128906;Dwight Heron;YES;A;yes;yes;yes
24527316;kirsner;Robert;NCT02130310;Robert Kirsner, MD, PhD;yes; ;yes;no;yes
27659192;lee;N J;NCT02135042;Nancy Lee;no;;no;no;no
25766346;rossi;F H;NCT02139085;Fabio H Rossi;no;;no;no;no
22871833;lalezary;Maziar;NCT02140151;Maziar Lalezary, MD;yes;;yes;yes;yes
19884486;hoesli;Irene;NCT02142933;Irene Hoesli, Prof.;YES;A;yes;yes;yes
27188817;dorsey;Ray;NCT02144220;Ray Dorsey;YES;A;yes;yes;yes
27612989;drott;Kristina;NCT02144623;Kristina Drott, MD, PhD;YES;A;yes;yes;yes
19375844;schulman;Claude;NCT02145208;Claude Schulman, MD;yes;;yes;yes;yes
20942767;knox;Jennifer;NCT02151084;Jennifer Knox, M.D.;yes;;yes;yes;yes
12721285;moss;Joel;NCT02156115;Joel Moss, M.D.;yes;;yes;yes;yes
20591173;morris;Peter E;NCT02160561;Peter E. Morris;yes; ;yes;no;yes
27643878;yang;Nong;NCT02166242;Nong Yang;YES; ;yes;no;yes
19480872;duncan;Burris R;NCT02167022;Burris R Duncan, MD;YES;A;yes;yes;yes
18080339;hou;Jinlin;NCT02167503;Jinlin Hou, MD;YES;A;yes;yes;yes
17301621;james;S K;NCT02168985;Susan M James, MBA;NO;;no;no;no
24411982;crombach;Anselm;NCT02172066;Anselm Crombach;YES;A;yes;yes;yes
24476662;jasien;J;NCT02173223;Jessica Jasien;NO;;no;no;no
27169526;netea;M;NCT02175420;Mihai Netea, Prof. Dr.;yes; ;yes;yes;yes
16793810;petersen;Pernille Lykke;NCT02177552;Peter Clausager Petersen;no;DN;no;no;no
24904768;pascual-garrido;Cecilia;NCT02183896;Cecilia Pascual-Garrido, M.D.;yes;;yes;yes;yes
4534210;bang;S;NCT02184702;Sira Bang;NO;;no;no;no
27029399;raaber;Nikolaj;NCT02188966;Nikolaj Raaber, MD;yes;;yes;yes;yes
27898078;lee;James J;NCT02191644;Jong Ho Lee, PhD;no;DN;no;no;no
27087862;jones;Deborah J;NCT02191956;Deborah J Jones, Ph.D.;YES;A;yes;yes;yes
4909715;gottlieb;J;NCT02192593;Jennifer Gottlieb;NO;;no;no;no
26668126;schlenk;R F;NCT02192619;Richard F. Schlenk, Prof. Dr.;yes; ;yes;no;yes
27919307;guo;Y;NCT02195908;Yi Guo;NO;;no;no;no
16871115;fink;Ericka;NCT02209935;Ericka Fink;YES;A;yes;yes;yes
26293427;cahn;Pedro;NCT02211482;Pedro Cahn;YES;https://www.virology-education.com/pedro-cahn/;yes;yes;yes
17084538;ali;H K;NCT02215057;Hassan Mohamed Ali;NO;R;yes;yes;yes
21615814;kanagaratnam;Prapa;NCT02216760;Prapa Kanagaratnam, MBBChir PhD;YES;A;yes;yes;yes
24621930;chu;Dake;NCT02216955;Dake Chu;YES;A;yes;yes;yes
26707802;lai;Chun-Fu;NCT02220283;Chun-Fu Lai, MD;yes;;yes;yes;yes
12924802;chadchavalpanichaya;Navaporn;NCT02220881;Navaporn Chadchavalpanichaya;YES;A;yes;yes;yes
27751281;sharma;Manish;NCT02224729;Manish Sharma, MD;no;;no;no;no
23279759;droc;Ionel;NCT02226679;Ionel Droc, MD;YES;A;yes;yes;yes
27091746;hurt;Ryan T;NCT02227329;Ryan T. Hurt, M.D., Ph.D.;YES;A;yes;yes;yes
24647500;naudie;D;NCT02230215;Douglas Naudie;yes;;yes;yes;yes
24768615;horak;Fay B;NCT02231073;Fay B. Horak;YES;A;yes;yes;yes
25285955;patzer;Rachel;NCT02235571;Rachel Patzer, PhD;yes;;yes;yes;yes
27488495;kessinger;Cathy;NCT02238327;Cathy Kessinger;YES;A;yes;yes;yes
26776154;rosenberg;Jacob;NCT02243410;Jacob Rosenberg;yes; ;yes;no;yes
16614277;ahn;T H;NCT02251847;Tae Hoon Ahn;YES;A;yes;yes;yes
18593787;ghaznavi;Sharmin;NCT02253225;Sharmin Ghaznavi;YES;A;yes;yes;yes
22075481;gotfried;Mark H;NCT02253342;Mark H Gotfried, MD;YES;A;yes;yes;yes
27306799;piccioni;Federico;NCT02256280;Federico Piccioni, MD;yes;A;yes;yes;yes
20471824;blay;Jean-Yves;NCT02260505;Jean-Yves Blay, Pr;YES;A;yes;yes;yes
25569220;horgas;Ann L;NCT02266082;Ann L. Horgas, PhD;YES;A;yes;yes;yes
22427285;brouns;Raf;NCT02270541;Raf Brouns, MD, PhD;YES;A;yes;yes;yes
27585533;rasmussen;Kirsten Cleemann;NCT02270723;Kirsten Cleemann Rasmussen;yes;R;yes;yes;yes
26263033;dreher;Michael;NCT02270853;Michael Dreher, Univ.-Prof.;YES;A;yes;yes;yes
26473002;sinz;Elizabeth H;NCT02276703;Elizabeth H. Sinz;yes;;yes;yes;yes
27898078;lee;James J;NCT02277197;James J Lee;yes;;yes;yes;yes
21292814;hernandez;Domingo;NCT02284464;Domingo Hernandez, PhD;YES;A;yes;yes;yes
27501602;kiatchai;Taniga;NCT02285010;Taniga Kiatchai, MD;YES; ;yes;no;yes
24250065;hasbahceci;Mustafa;NCT02287168;Mustafa Hasbahceci;YES;A;yes;yes;yes
20179328;nieuwboer;Alice;NCT02287207;Alice Nieuwboer;yes;;yes;yes;yes
26722839;rizzo;Nancy R;NCT02287766;Nancy R Rizzo, PhD;yes;A;yes;yes;yes
15096218;banerjee;Abhijit;NCT02291575;Abhijit Banerjee;NO;;no;no;no
23373913;baumann;C;NCT02305225;Christian Baumann;NO;;no;no;no
23917222;zhu;H;NCT02308930;Huilian Zhu;no;;no;no;no
26643491;daniele;Marina;NCT02309489;Marina Daniele, MSc;YES;A;yes;yes;yes
23867520;phillips;Stuart;NCT02315014;Stuart Phillips, Ph.D.;yes;;yes;yes;yes
25141303;fahy;Brenda;NCT02323165;Brenda Fahy, MD;YES;A;yes;yes;yes
2724280;erasmus;J A;NCT02323633;Johan A Erasmus, MBChB;NO;;no;no;no
21680125;dupuy;Damian E;NCT02323854;Damian E Dupuy, MD FACR;YES;https://www.lifespan.org/centers-services/lifespan-orthopedics-institute/featured-stories/damian-dupuy-mds-new-perspective;yes;yes;yes
27592180;yang;Shanli;NCT02324959;Shanli Yang;YES;A;yes;yes;yes
16317220;laksmi;Purwita Wijaya;NCT02325245;Purwita Wijaya Laksmi;yes;R;yes;yes;yes
26798588;hashemi-sadraei;Nooshin;NCT02325401;Nooshin Hashemi-Sadraei;YES;A;yes;yes;yes
22819472;roth;Jack A;NCT02331108;Jonathan Roth;no;DN;no;no;no
26537815;daccache;Georges;NCT02337920;Georges Daccache, M.D;YES;A;yes;yes;yes
25238345;ha;C;NCT02338375;ChulWon Ha;NO;;no;no;no
27555129;fiant;Anne-Lise;NCT02343601;Anne-Lise Fiant, MD;YES;A;yes;yes;yes
19126453;xie;Yao;NCT02348502;Yao Xie;YES; ;yes;no;yes
26384095;maged;Ahmed;NCT02349750;Ahmed Maged;yes; ;yes;yes;no
27592180;chen;Lidian;NCT02351167;Li-Shiun Chen;NO;DN;no;no;no
24366936;abel;Gregory A;NCT02359838;Gregory A. Abel, MD;YES;A;yes;yes;yes
24642382;cramer;Steven C;NCT02360488;Steven C. Cramer, MD;YES;A;yes;yes;yes
27797663;birdee;Gurjeet;NCT02361268;Gurjeet Birdee;YES;A;yes;yes;yes
27106648;hull;Jeffrey;NCT02363972;Jeffrey Hull, MD;YES;A;yes;yes;yes
23756696;esch;Jesse J;NCT02365415;Jesse J Esch;YES;A;yes;yes;yes
27161839;young;Lisa;NCT02368340;Lisa Young;NO;;no;no;no
18929055;kamboj;Manmohan;NCT02368379;Manmohan Kamboj;YES;A;yes;yes;yes
26973753;baydoun;Jamie;NCT02369263;Jamie Baydoun, MD;YES;https://health.usnews.com/doctors/jamie-baydoun-117493;yes;yes;yes
23379421;angioni;Stefano;NCT02372903;Stefano Angioni;YES;http://people.unica.it/stefanoangioni/curriculum/;yes;yes;yes
26480852;mai;Volker;NCT02375347;Volker Mai, PhD, MPH;YES;;yes;yes;yes
7292740;hansen;J P;NCT02378116;Jesper Park Hansen, MD.;NO;;no;no;no
25530209;raffel;David M;NCT02385877;David M. Raffel, Ph.D.;yes; ;yes;no;yes
19594549;muriel;A;NCT02400541;Asch Muriel, PHD;no;DN;no;no;no
23579609;kishore;Kamal;NCT02403128;Kamal Kishore, MD;yes;http://illinoisretin ndeyeassociates.com/kamal-kishore-md/;yes;yes;yes
2048721;bains;G;NCT02415231;Gurinder Bains;NO;DN;no;no;no
27814309;mancini;Jayme;NCT02420106;Jayme Mancini, DO;yes; ;yes;no;yes
25731617;sun;Jiayuan;NCT02420405;Jiayuan Sun;yes;a;yes;yes;yes
18704641;al-mamgani;Abrahim;NCT02421458;Abrahim Al-Mamgani, MD, PhD;YES; ;yes;no;yes
19205495;sangwan;Virender S;NCT02424006;Virender S Sangwan, MBBS, MS;yes;;yes;yes;yes
22613449;zhang;H;NCT02432209;Heping Zhang;NO;DN;no;no;no
20337644;cairney;J;NCT02432443;John Cairney;YES;A;yes;yes;yes
26423553;nosyk;Bohdan;NCT02440256;Bohdan Nosyk;yes; ;no;yes;yes
27336397;han;Duck Jong;NCT02447822;Duck Jong Han;YES;A;yes;yes;yes
18559523;czwornog;Jennifer;NCT02457104;Jennifer Czwornog, MD;YES; ;no;yes;yes
3003277;halloran;M C;NCT02457156;Mr Christopher Halloran;NO;;no;no;no
25815923;li;H;NCT02457637;Hai Li;no;;no;no;no
20442185;allison;K;NCT02466061;Kelly Allison, PhD;NO;https://www.med.upenn.edu/weight/allison.html;yes;yes;yes
27923085;maralani;Pejman Jabehdar;NCT02466828;Pejman Jabehdar Maralani, MD FRCPC;yes;;yes;yes;yes
2071853;leath;C;NCT02466971;Charles Leath;no;;no;no;no
11596667;fritsche;A;NCT02468999;Andreas Fritsche, Prof. Dr.;YES;A;yes;yes;yes
15862408;yoho;Jason A;NCT02469532;Jason A Yoho, MD;NO;;no;no;no
27745871;kremyanskaya;Marina;NCT02469974;Marina Kremyanskaya;yes; ;yes;no;yes
5542813;bourke;P M;NCT02470416;Professor Michael Bourke;NO;https://www.cwsdh.com.au/doctors/dr-michael-bourke;yes;yes;yes
25362150;macleod;D;NCT02473354;David MacLeod, MB BS;yes; ;yes;yes;no
27436690;breitenstein;Stefan;NCT02485392;Stefan Breitenstein, MD;YES;A;yes;yes;yes
12746418;angspatt;A;NCT02486874;Apichai Angspatt;YES;A;yes;yes;yes
27656356;ko;Andrew;NCT02487277;Andrew Ko;no;;no;no;no
21223297;frenkel;O;NCT02498366;Ofir Frenkel, M.D;YES; ;no;yes;yes
22347369;katz;David L;NCT02501356;David L. Katz, MD, MPH;YES;A;yes;yes;yes
18565953;jackson;Daniel J;NCT02502890;Daniel J Jackson, MD;YES;A;yes;yes;yes
25360468;fried;M;NCT02504918;Michal Fried, Ph.D.;YES;A;yes;yes;yes
26716117;maluf-filho;Fauze;NCT02508883;Fauze Maluf-Filho, MD, PHD;yes; ;yes;yes;no
27789492;macbride-stewart;Sean;NCT02512198;Sean MacBride-Stewart;yes;;yes;yes;yes
19152725;gang;F;NCT02512471;Fang Gang;NO;;no;no;no
12485542;krist;Alex;NCT02512835;Alex Krist, M.D.;yes;R;yes;yes;yes
27681765;holtan;Shernan;NCT02525029;Shernan Holtan, MD;YES;A;yes;yes;yes
27607857;hameed;Afshan B;NCT02527018;Afshan B. Hameed, M.D.;YES;A;yes;yes;yes
27020104;garg;Madhur;NCT02527304;Madhur Garg;YES;A;yes;yes;yes
24612193;kodama;Yuji;NCT02537730;Yuji Kodama, MD, PhD;no;;no;no;no
17882228;invitti;C;NCT02542449;Cecilia Invitti, MD;YES;A;yes;yes;yes
20479907;kim;Won Ho;NCT02544932;Weon Kim;no;;no;no;no
21789427;giordano;Roberto Hernandes;NCT02548338;Roberto Hernandes Giordano;YES;A;yes;yes;yes
18851982;novotny;J;NCT02550483;Janet Novotny;no;;no;no;no
23200108;lok;Catherine;NCT02550496;Catherine Lok, PU-PH;yes;;yes;yes;yes
27738907;lainscak;M;NCT02550808;Mitja Lainscak;yes; ;no;yes;yes
16950008;zimet;Gregory D;NCT02551887;Gregory D Zimet, PhD;YES;A;yes;yes;yes
21743493;mcinnes;N;NCT02561130;Natalia McInnes, MD;no;;no;no;no
27148802;perin;Emerson C;NCT02563522;Emerson C. Perin, MD;yes;A;yes;yes;yes
27845775;momenan;R;NCT02564991;Reza Momenan, Ph.D.;yes;;yes;yes;yes
27741069;bragard;Isabelle;NCT02569294;Isabelle Bragard;YES;A;yes;yes;yes
27442643;mao;Weimin;NCT02570893;Weimin Mao, MD.;yes;;yes;yes;yes
26274274;liberman;M;NCT02584322;Moishe Liberman, MD, PhD;no;;no;no;no
11453096;marc;B;NCT02590172;Beaussier Marc, PHD;no;DN;no;no;no
25488778;lin;Phoebe;NCT02598869;Phoebe Lin, MD,PhD;yes; ;yes;yes;yes
27771734;guo;Zhi;NCT02605226;Zhi Guo, PhD;YES;A;yes;yes;yes
15037665;lewitt;Peter A;NCT02605434;Peter A LeWitt, MD;yes;;yes;yes;yes
27685530;kushnir;V M;NCT02606396;Vladimir M Kushnir, MD;yes;;yes;yes;yes
21687177;poerner;T C;NCT02607241;Tudor C. Poerner, MD;yes;;yes;yes;yes
24161445;crespo;Noe;NCT02616809;Noe Crespo;NO;R;no;no;no
19196731;rubinshtein;R;NCT02616939;Ronen Rubinshtein, MD;yes;R;yes;yes;yes
24793028;cross;Raymond;NCT02619552;Raymond Cross, MD, MS;YES;A;yes;yes;yes
26021713;fortuna;Vitor;NCT02619734;Vitor Fortuna;YES;A;yes;yes;yes
27945102;sepucha;K;NCT02625402;Karen Sepucha;yes;A;yes;yes;yes
19162924;larose;E;NCT02628275;Eric Larose, DVM MD FRCPC FAHA;yes;;yes;yes;yes
23408771;lazar;Sara W;NCT02628548;Sara W Lazar;yes;;yes;yes;yes
16915866;richards;Lorie;NCT02628847;Lorie Richards;yes;;yes;yes;yes
27734469;khan;Asif;NCT02632136;Asif Khan;NO;;no;no;no
23588313;mcclernon;F J;NCT02635919;F. Joseph McClernon, Ph.D.;yes;;yes;yes;yes
21636098;lloret;Santiago Perez;NCT02635997;Santiago Perez Lloret;yes;R;yes;yes;yes
25288760;cani;Patrice D;NCT02637115;Patrice D. Cani;YES;A;yes;yes;yes
22719014;baron;D M;NCT02639780;David M Baron, MD;YES;A;yes;yes;yes
17442198;huo;Yong;NCT02641821;Yong Huo;YES; ;yes;no;yes
18772713;kollbaum;Pete;NCT02642341;Pete Kollbaum;yes; ;yes;no;yes
15797888;ruiz;Enrique Morales;NCT02644928;Enrique Morales Ruiz, MD;yes;;yes;yes;yes
24867976;fairhurst;Rick M;NCT02645604;Rick M Fairhurst, M.D.;YES;A;yes;yes;yes
22575176;zhao;K L;NCT02647125;Kuai Le Zhao, MD;NO;;no;no;no
24030983;campbell-scherer;Denise;NCT02648308;Denise Campbell-Scherer;YES;A;yes;yes;yes
11870092;apa;Rosanna;NCT02651636;Rosanna Apa;YES;A;yes;yes;yes
20799262;minnis;Helen;NCT02653716;Helen Minnis;yes; ;yes;no;yes
24611552;majumdar;Suvankar;NCT02659644;Suvankar Majumdar;yes;;yes;yes;yes
25886085;feldman;Steven R;NCT02659670;Steven R. Feldman;YES;A;yes;yes;yes
12892517;katz;Stuart;NCT02662075;Stuart Katz, MD;NO;;no;no;no
25639930;mortier;L;NCT02662725;Laurent Mortier, MD, PhD;yes;;yes;yes;yes
25996677;fu;Xiaobing;NCT02668055;Xiaobing Fu;YES;A;yes;yes;yes
24534725;rudolph;James;NCT02674698;James Rudolph;yes;;yes;yes;yes
24681878;frulloni;Luca;NCT02675738;Luca Frulloni;YES;A;yes;yes;yes
26407522;botkin;Jeffrey;NCT02676245;Jeffrey Botkin;YES;A;yes;yes;yes
18454213;said;Reem N;NCT02679183;Reem N. Said;yes;;yes;yes;yes
17719328;chiem;Alan;NCT02679625;Alan Chiem, M.D.;YES;http://www.uclaemultrasound.org/people;yes;yes;yes
27447114;parker;M J;NCT02680028;Martyn J Parker;no;;no;no;no
25430629;kollef;Marin;NCT02685930;Marin Kollef;yes;;yes;yes;yes
23599652;lim;Bora;NCT02689427;Bora Lim, MD;no;;no;no;no
1494683;amato;A;NCT02694120;Arnaldo Amato;NO;;no;no;no
12580496;marta;S;NCT02694224;Santisteban Marta, Doctor;no;DN;no;no;no
18178300;christakis;Nicholas;NCT02694679;Nicholas Christakis, MD, PhD;YES; ;yes;no;yes
25920362;gunnlaugsson;Adalsteinn;NCT02699424;Adalsteinn Gunnlaugsson, MD, PhD;YES;A;yes;yes;yes
25675687;jaruratanasirikul;Sutep;NCT02699658;Sutep Jaruratanasirikul;YES;A;yes;yes;yes
17663888;fuster;Gabriel Olveira;NCT02706119;Gabriel Olveira Fuster, PhD;YES;A;yes;yes;yes
26618334;giljaca;Vanja;NCT02709044;Vanja Giljaca;YES;A;yes;yes;yes
26827573;ludwin;Artur;NCT02710006;Artur Ludwin;yes;;yes;yes;yes
27899088;zhang;Jian;NCT02710851;Jun Zhang;YES;A;yes;yes;yes
19879883;rodriguez;Ana M;NCT02714439;Ana M Rodriguez, MD;no;;no;no;no
27729938;mckay;Mary M;NCT02715414;Mary M. McKay;yes;A;yes;yes;yes
26753005;eroglu;Zeynep;NCT02721459;Zeynep Eroglu, M.D.;YES;A;yes;yes;yes
17950176;bauer;Brent A;NCT02721537;Brent A. Bauer;YES;A;yes;yes;yes
24145615;evia-viscarra;Maria Lola;NCT02722655;Maria Lola Evia-Viscarra;YES;A;yes;yes;yes
16461866;petry;Nancy;NCT02726880;Nancy Petry;yes;;yes;yes;yes
20144402;petrella;Robert;NCT02730013;Robert Petrella;yes;G;yes;yes;yes
25815923;jung;H;NCT02732886;Hyongjin Jung, Dr. PhD.;NO;;no;no;no
19428052;sinkkonen;Aki;NCT02733926;Aki Sinkkonen;yes; ;yes;no;yes
26422720;fiore;Michael;NCT02735382;Michael Fiore, MD, MPH, MBA;YES;A;yes;yes;yes
22348650;kaldo;V;NCT02743338;Viktor Kaldo;YES;A;yes;yes;yes
18807587;hinchliffe;R;NCT02745665;Rob Hinchliffe;YES; ;yes;no;yes
18410551;guang-da;Xiang;NCT02745886;Xiang Guang-da;YES;A;yes;yes;yes
11263659;amadio;P C;NCT02747836;Peter C. Amadio, M.D.;YES;A;yes;yes;yes
27814309;yao;Sheldon;NCT02750566;Sheldon Yao;YES;;yes;yes;yes
22971929;zhu;Zhiming;NCT02752100;Zhiming Zhu;YES;;yes;yes;yes
23539110;krishnamurti;Lakshmanan;NCT02757885;Lakshmanan Krishnamurti;yes;R;yes;yes;yes
24813474;fleisher;Linda;NCT02757937;Linda Fleisher, PhD, MPH;YES;A;yes;yes;yes
23620687;foster;Gary D;NCT02760121;Glen E Foster, Ph.D.;NO;DN;no;no;no
16305456;rocca;Giorgio Della;NCT02761109;Giorgio Della Rocca;yes;http://www.si rti.it/SiteAssets/News/Elezioni-2015-Candidati-e-programmi/cv_Della-Rocca.pdf;yes;yes;yes
25732620;nagy;Ahmed;NCT02761863;Ahmed Nagy;no;;no;no;no
25897948;shah;Mitul;NCT02762708;Meera Shah, M.B., Ch.B.;no;DN;no;no;no
18787416;she;Jun Jun;NCT02763748;"Jun Jun She, M.D.; PhD.";yes; ;yes;no;yes
19234432;barabanti;N;NCT02764463;Nicola Barabanti;YES;A;yes;yes;yes
17005949;bluestone;Jeffrey;NCT02772679;Jeffrey Bluestone;YES;A;yes;yes;yes
14762454;bottino;Roberto;NCT02772835;Roberto Bottino, Doctor;YES; ;yes;yes;no
17642500;laing;Richard;NCT02773095;Richard Laing;yes;R;yes;yes;yes
26886689;braunschweig;Ira;NCT02774291;Ira Braunschweig;YES;https://einstein.pure.elsevier.com/en/persons/ira-braunschweig/publications/;yes;yes;yes
19110220;basen-engquist;Karen;NCT02774759;Karen Basen-Engquist, PHD, BA, MPH;YES;A;yes;yes;yes
22677704;saluja;Sundeep Singh;NCT02778308;Sundeep Singh Saluja;yes;;yes;yes;yes
19394365;sadeghi;Hassan;NCT02778841;Hassan Sadeghi;no;;no;no;no
15677891;hashi;A;NCT02779010;Abdiwahab Hashi;NO;;no;no;no
25907593;david;Carlos;NCT02779803;Carlos David, MD;YES;A;yes;yes;yes
19568011;mccarthy;James;NCT02783820;James McCarthy, Prof;no;;no;no;no
13321607;franco;P;NCT02785328;Patricia FRANCO, MD PHD;NO;;no;no;no
27198327;papadimitrakopoulou;V;NCT02785939;Vassiliki Papadimitrakopoulou;yes;;yes;yes;yes
25071143;rosko;Ashley;NCT02791737;Ashley Rosko;yes;;yes;yes;yes
16849861;morgan;Douglas;NCT02794428;Douglas Morgan;yes;https://www.vumc.org/global-health/files/global-health/public_files/Morgan_CV.pdf;yes;yes;yes
11805404;allard;J;NCT02796833;Johane Allard;NO;;no;no;no
24657461;wu;Y;NCT02800200;Yung-Tsan Wu;NO;;no;no;no
21591866;sun;Xiaodong;NCT02802657;Xiaodong Sun;yes;a;yes;yes;yes
27918567;kremer;M;NCT02806024;Mallory Kremer;no;;no;no;no
26456271;hollinger;Alexa;NCT02807467;Alexa Hollinger, MD;YES;A;yes;yes;yes
26766970;shi;Yuankai;NCT02809573;Yuankai Shi, MD;yes;A;yes;yes;yes
23859235;nasrallah;I;NCT02811744;Ilya Nasrallah, MD;yes;;yes;yes;yes
25010225;rhee;C J;NCT02814383;Christopher J. Rhee, MD, MS;yes; ;yes;no;yes
26125404;schwartz;Bernhard;NCT02825303;Bernhard Schwartz;no;;no;no;no
23563909;herring;Sharon J;NCT02829229;Sharon J Herring, MD MPH;YES;A;yes;yes;yes
6934691;habib;A;NCT02829944;Ashraf Habib, MD;NO;;no;no;no
16149289;beresford;M;NCT02832050;Michael Beresford;NO;;no;no;no
17268975;bhandari;P;NCT02833558;Pradeep Bhandari, MBBS, MD;YES;R;yes;yes;yes
21993338;morrison;Shannon;NCT02835820;Shannon Morrison, PhD;no;;no;no;no
26615141;deming;Dustin;NCT02837263;Dustin Deming;YES;A;yes;yes;yes
24920881;jarade;Elias F;NCT02837640;Elias F. Jarade, MD;YES;A;yes;yes;yes
17979582;cunningham;Charles;NCT02844647;Charles Cunningham, PhD;YES;https://sunnybrook.ca/research/team/member.asp?t=10&m=50&page=172;yes;yes;yes
24725155;shi;Jian;NCT02848482;Jun-Yu Shi;no;DN;no;no;no
18398262;binkley;T;NCT02850562;Teresa Binkley;YES;A;yes;yes;yes
17889957;silva;A D;NCT02853474;Arlette Da Silva, MD;no;;no;no;no
21382109;xu;B;NCT02853864;bo xu;NO;;no;no;no
18766967;pelletier;Fabien;NCT02858219;Fabien Pelletier, MD;yes;;yes;yes;yes
25190350;wang;Jian;NCT02858648;Jing Wang;NO;DN;no;no;no
25895986;merhi;Zaher;NCT02865681;Zaher Merhi;yes;https://www.newhopefertility.com/about-us/fertility-doctor/zaher-merhi/;yes;yes;yes
24368763;haffen;E;NCT02867514;Emmanuel Haffen, Prof;YES;R;yes;yes;yes
19939701;licitra;Lisa;NCT02867852;Lisa Licitra, MD;yes;;yes;yes;yes
23005614;liu;Q;NCT02870777;Qifa Liu;no;;no;no;no
21752163;kallander;K;NCT02878031;Karin Kallander, MSc, PhD;YES;A;yes;yes;yes
26181553;zhang;Fengchun;NCT02885610;Fengchun Zhang;NO;DN;no;no;no
27618167;johnson;Michael D;NCT02888249;Matthew Johnson;NO;;no;no;no
26340153;gogniat;Emiliano;NCT02889770;Emiliano Gogniat;YES;A;yes;yes;yes
20397345;koller;Antje;NCT02891785;Antje Koller, PhD;yes;G;yes;yes;yes
11675100;burden;S;NCT02894658;Susan Burden;NO;DN;no;no;no
22704287;lilot;Marc;NCT02894996;Marc Lilot;yes;;yes;yes;yes
3093187;guillaume;V;NCT02898376;VOGIN Guillaume, MD,PhD;NO;;no;no;no
20168209;zuppa;Athena;NCT02904434;Athena Zuppa, MD;YES;A;yes;yes;yes
21586627;murphy;Greer M;NCT02908009;Gavin Murphy;no;DN;no;no;no
26233700;neuzil;Petr;NCT02909868;Petr Neuzil, Prof.;yes; ;yes;no;yes
27121262;perez;Raymond;NCT02914977;Raymond Perez, MD;yes;A;yes;yes;yes
24044794;kietselaer;Bas;NCT02917525;Bas Kietselaer, M.D. PhD;YES;A;yes;yes;yes
27255837;fang;Yongjun;NCT02919046;Yongjun Fang, Ph.D;NO;;no;no;no
24384420;xie;Lixin;NCT02920736;Lixin Xie;YES;https://www.dukehealth.org/find-doctors-physicians/manal-f-abdelmalek-md-mph;yes;yes;yes
9260438;sage;S R;NCT02925897;Shelley R Sage;no;;no;no;no
17598145;carrion;Victor G;NCT02926677;Victor G. Carrion;YES;A;yes;yes;yes
10358395;haas;C;NCT02930174;Carl Haas;NO;;no;no;no
26005199;ali;Ather;NCT02931578;Ather Ali, ND, MPH, MHS;YES;A;yes;yes;yes
23373913;song;J;NCT02933996;Jiangang Song;no;;no;no;no
26305587;hagberg;Lars;NCT02938338;Lars Hagberg;NO;R;no;no;no
23589384;cheng;Y;NCT02938416;Yuan-Yang Cheng;NO;;no;no;no
27343064;sabry;S;NCT02942082;Silvia Sabry;yes;A;yes;yes;yes
21827732;ying;Hao;NCT02946749;Hao Ying, PHD;YES; ;yes;no;yes
14534091;blagev;Denitza;NCT02956213;Denitza Blagev, MD;YES;https://intermountainhealthcare.org/find-a-doctor/b/blagev-denitza-p/;yes;yes;yes
25815923;roberts;J;NCT02962934;Jason Roberts;no;;no;no;no
18048646;kalfa;Theodosia;NCT02964494;Theodosia Kalfa, MD, PhD;YES;A;yes;yes;yes
25483676;edwards;Kathryn;NCT02967393;Kathryn Edwards;YES;A;yes;yes;yes
17646503;fredman;Brian;NCT02968797;Brian Fredman, MD;YES;A;yes;yes;yes
27356202;mccrickerd;K;NCT02977260;Keri McCrickerd;yes;A;yes;yes;yes
22494666;connolly;Eileen;NCT02977468;Eileen Connolly;YES;A;yes;yes;yes
21795409;avril;Norbert;NCT02978586;Norbert Avril, MD;YES;A;yes;yes;yes
21269344;hruska;Carrie;NCT02979301;Carrie Hruska;YES;A;yes;yes;yes
17674310;asturias;Edwin J;NCT02979626;Edwin J Asturias, MD;YES;https://www.cudoctors.com/Find_A_Doctor/Profile/20120;yes;yes;yes
24966953;huang;Wan-Ting;NCT02982174;Wei-Chieh Huang, PhD;NO;DN;no;no;no
21489692;isaac;Lisa;NCT02983682;Lisa Isaac;YES;A;yes;yes;yes
27898078;yang;Jian;NCT02985008;Jeong Hoon Yang;YES; ;yes;no;yes
23913745;cho;Juhee;NCT02986412;Juhee Cho;YES;https://www.jhsph.edu/faculty/directory/profile/2323/juhee-cho;yes;yes;yes
20105597;mackenzie;Tippi;NCT02986698;Tippi Mackenzie;yes;;yes;yes;yes
16534335;matot;Idit;NCT02987712;Idit Matot, MD, PhD;yes;R;yes;yes;yes
16457150;franciosi;Vittorio;NCT02988635;Vittorio Franciosi;YES;A;yes;yes;yes
26573866;li;Z;NCT02990273;Zhiping Li, MD;NO;;no;no;no
19809391;chan;Catherine;NCT02990832;Catherine Chan;YES;R;yes;yes;yes
25018133;zhong;X;NCT02992392;Xingwu Zhong, MD PhD;no;;no;no;no
25893852;mcrae;Matthew;NCT02995382;Matthew McRae, MD;no;;no;no;no
20440663;boet;Sylvain;NCT02998723;Sylvain Boet, MD;YES;http://www.ohri.ca/profile/sylvainboet;yes;yes;yes
18431067;ferrulli;Anna;NCT03009695;Anna Ferrulli;YES; ;yes;no;yes
20202147;majak;Pawel;NCT03011632;Pawel Majak;yes;;yes;yes;yes
23632357;murray;Joseph A;NCT03011931;Joseph A. Murray, M.D.;yes;;yes;yes;yes
26538077;bisschops;Raf;NCT03015389;Raf Bisschops, MD;YES;A;yes;yes;yes
21097401;feng;Ru;NCT03018626;Ru Feng;YES; ;yes;no;yes
17545041;yong;Liu;NCT03022136;Liu Yong;NO;DN;no;no;no
24668421;mrgan;Monija;NCT03022344;Monija Mrgan;yes;;yes;yes;yes
26181553;zhao;Yan;NCT03023592;Yan Zhao, Dr.;YES;R;yes;yes;yes
11759784;ammerman;A;NCT03026608;Alice Ammerman, PhD;YES; ;yes;no;yes
12455430;fricton;James;NCT03036215;James Fricton, PhD;YES;A;yes;yes;yes
24859939;caudle;Abigail S;NCT03038152;Abigail S. Caudle, MD;YES;A;yes;yes;yes
20227548;miller;Elizabeth;NCT03039036;Emily Miller;no;DN;no;no;no
25937595;ribeiro;Reitan;NCT03040921;Reitan Ribeiro;yes;R;yes;yes;yes
26044830;gisbert;Javier P;NCT03043677;Javier P. Gisbert;YES;A;yes;yes;yes
27919307;huang;Y;NCT03045432;Yu Chi Huang, Bachelor;NO;;no;no;no
24550975;jeon;Sang Yoon;NCT03046745;Seong Woo Jeon;NO;DN;no;no;no
21737584;montserrat;Jose M;NCT03051724;Jose M. Montserrat;yes;;yes;yes;yes
18794278;gibson;Deanna L;NCT03053713;Deanna L Gibson, PhD;YES;A;yes;yes;yes
21117538;yu;A-Yong;NCT03059043;A-Yong Yu;YES;A;yes;yes;yes
18235139;seidman;Ernest;NCT03064815;Ernest Seidman;yes;;yes;yes;yes
26587376;hu;Xichun;NCT03071926;Xichun Hu;YES;A;yes;yes;yes
26426884;krischer;J;NCT03072303;Jeffrey Krischer, Ph.D.;yes;https://health.usf.edu/medicine/pediatrics/epidemiology/faculty_staff/11194/Krischer;yes;yes;yes
23848267;hansel;Nadia;NCT03073798;Nadia Hansel, MD MPH;YES;A;yes;yes;yes
16952271;marc;Paul;NCT03075163;Paul Marc, MD, PhD;yes;;yes;yes;yes
27841095;harel;Noam Y;NCT03076632;Noam Y. Harel, MD, PhD;YES;A;yes;yes;yes
21883361;eickholz;Peter;NCT03078595;Peter Eickholz;YES;R;yes;yes;yes
19302862;schiestl;Clemens M;NCT03080467;Clemens M Schiestl, PD;yes;;yes;yes;yes
7785986;law;D;NCT03081078;Dr.Yik-Wa Law;no;;no;no;no
20038726;chrischilles;Elizabeth A;NCT03081871;Elizabeth A Chrischilles;YES;A;yes;yes;yes
11762820;chau;N;NCT03087019;Nicole Chau;NO;;no;no;no
27898078;smith;Jennifer A;NCT03087461;Jenna Smith;no;DN;no;no;no
23738187;coop;H;NCT03092258;Hazel Coop;YES;A;yes;yes;yes
1496226;anderson;S;NCT03093636;Stacey Anderson;NO;;no;no;no
26573866;li;Z;NCT03094351;Zhiang Li;NO;;no;no;no
22562080;bubalo;J;NCT03097588;Joseph Bubalo;YES;A;yes;yes;yes
18643485;kim;P;NCT03102125;Paul Kim;no;;no;no;no
24424513;corvaglia;Luigi;NCT03104296;Luigi Corvaglia;YES;A;yes;yes;yes
22614534;pujade-lauraine;Eric;NCT03106987;Eric Pujade-Lauraine, MD, PhD;yes;;yes;yes;yes
19088895;pope;Janet E;NCT03109470;Janet E Pope, MD, MPH, FRCPC;yes;;yes;yes;yes
27685613;freude;T;NCT03109782;Thomas Freude, Prof. M.D.;YES; ;yes;no;yes
22672558;zeitouni;Nathalie C;NCT03110159;Nathalie C. Zeitouni, MD;YES;A;yes;yes;yes
20926184;xiao;Xiaohe;NCT03113838;Xiaohe Xiao;YES;;yes;yes;yes
25426410;debernardo;R;NCT03123315;Robert Debernardo, MD;YES;A;yes;yes;yes
26360703;lin;Shu-Wen;NCT03126890;Shu-Wen Lin;yes; ;yes;yes;yes
21298756;hanson;Derek;NCT03128047;Derek Hanson, MD;YES;A;yes;yes;yes
8702727;larose;J;NCT03128437;Jessica LaRose, PhD;no;;no;no;no
27336397;han;Duck Jong;NCT03134534;Ding-Pei Han;NO;DN;no;no;no
23591013;madonna;Francesco;NCT03140098;Francesco Madonna;no;;no;no;no
23722225;pak;Kyoungjune;NCT03146429;Kyoungjune Pak;yes; ;yes;yes;yes
21382109;guo;X;NCT03151447;Xiaomao Guo;NO;;no;no;no
23861366;lozano;Andres M;NCT03153670;Andres M. Lozano;yes;;yes;yes;yes
24576563;tang;Jennifer;NCT03153709;Jennifer Tang, MD, MSRC;no; ;yes;no;no
24237940;fallowfield;Jonathan A;NCT03156426;Jonathan A Fallowfield, PhD;YES;A;yes;yes;yes
27721202;signorile;Joseph;NCT03160963;Joseph Signorile;yes; ;yes;no;yes
21769288;horiuchi;A;NCT03163355;Akira Horiuchi;YES;R;yes;yes;yes
20710042;protheroe;Andrew S;NCT03167151;Andrew S Protheroe, MBBS, PhD, MRCP, FRCP;yes;;yes;yes;yes
26195310;elmunzer;B Joseph;NCT03172832;B. Joseph Elmunzer;YES;A;yes;yes;yes
23589384;cheng;Y;NCT03176680;Ya-Jung Cheng;NO;;no;no;no
25218848;gengoux;Grace;NCT03177525;Grace Gengoux;YES;A;yes;yes;yes
12642152;iv;M;NCT03179449;Michael Iv;YES;https://stanfordhealthcare.org/doctors/i/michael-iv.html;yes;yes;yes
14582490;yang;Aiming;NCT03182270;Aiming Yang, M.D.;NO;DN;no;no;no
21633317;nakamura;Yosuke;NCT03186131;Yukio Nakamura;no;DN;no;no;no
27307782;baumgartner;Joy Noel;NCT03195036;Joy Noel Baumgartner;YES;A;yes;yes;yes
17140849;manconi;Mauro;NCT03196583;Mauro Manconi;yes;R;yes;yes;yes
24029874;jiang;Xiongjing;NCT03201432;Xiongjing Jiang;YES;A;yes;yes;yes
23618779;berra;Lorenzo;NCT03202641;Lorenzo Berra, MD;YES;A;yes;yes;yes
23722975;king;Rachel L;NCT03203200;Rachel L. King;yes;R;yes;yes;yes
19411310;slebos;Dirk-Jan;NCT03205826;Dirk-Jan Slebos;yes;;yes;yes;yes
26447629;verkooijen;H M;NCT03206333;Helena M Verkooijen;YES;A;yes;yes;yes
23005614;cox;D J;NCT03207893;Daniel Cox, PhD;NO;;no;no;no
27778171;kazakov;Ivan;NCT03208192;Ivan Kazakov;YES;A;yes;yes;yes
26757787;levesque;Sebastien;NCT03209843;Sebastien Levesque, MD;yes;A;yes;yes;yes
27390533;omran;Eman;NCT03209856;Eman Omran;yes;;yes;yes;yes
24247981;rudroff;Thorsten;NCT03219073;Thorsten Rudroff, Ph.D.;yes; ;yes;no;yes
15494916;bedimo;Roger;NCT03221582;Roger Bedimo, MD;YES;L;yes;yes;yes
22382359;hallett;Mark;NCT03223636;Mark Hallett, M.D.;YES;https://irp.nih.gov/pi/mark-hallett;yes;yes;yes
25294839;brooke-wavell;Katherine;NCT03225703;Katherine Brooke-Wavell;YES;A;yes;yes;yes
18350339;percac-lima;Sanja;NCT03226405;Sanja Percac-Lima, MD;yes;;yes;yes;yes
24127449;huang;I-Chan;NCT03229837;I-Chan Huang, PhD;YES;A;yes;yes;yes
